"INVOICE_ID","ORDER_ID","PRODUCT_ID","ITEMLINENBR","ITEMUNITS","ITEMUNITPRICE","ITEMTOTAL","ITEMSTARTDT","ITEMENDDT","ITEMUNITMEASURE","ITEMDESC","DETAIL_ID","ORIGINAL_DETAIL_ID"
"1511112546","3-1GFDNCB","1-1RUSYB",209,1,0,0,01-NOV-15,30-NOV-15,"Per Month","Standard Customer Care Support","3-1GFDNCX","3-1GFDNCX"
"1511112546","3-1GFDNCB","B-3-4LC2D9",210,1,0,0,01-NOV-15,30-NOV-15,"Per Month","Support - Premium Support Package","C-1KEU74W","C-1KEU74W"
"1511112546","3-1GFDNCB","B-3-4LC2D9",211,1,0,0,01-NOV-15,30-NOV-15,"Each","Support - Premium Support Package Committed ","C-1KEU737","C-1KEU737"
"1511112546","3-1GFDNCB","B-3-5I7D1H",208,1,0,0,01-NOV-15,30-NOV-15,"Tokens","Site Analyzer. Committed ","C-1KEU69Q","C-1KEU69Q"
"1511112546","3-1GFDNCB","B-3-A5MED",194,1,0,0,01-NOV-15,30-NOV-15,"GB STORED","NetStorage Committed ","C-1KF1T8T","C-1KF1T8T"
"1511112546","3-1GFDNCB","M-LC-107281",177,1,0,0,01-NOV-15,30-NOV-15,"Properties","Global Traffic Management - Standard Committed ","M-1MJP59R","M-1MJP59R"
"1511112546","3-1GFDNCB","M-LC-116551",192,1,0,0,01-NOV-15,30-NOV-15,"Per Month","Media Services On Demand::Stream Packaging","C-1KF1T3W","C-1KF1T3W"
"1511112546","3-1GFDNCB","M-LC-116757",190,1,0,0,01-NOV-15,30-NOV-15,"Per Month","Media Services On Demand::Media Encryption","C-1KF1T76","C-1KF1T76"
"1511112546","3-1GFDNCB","M-LC-118405",152,1,0,0,01-NOV-15,30-NOV-15,"Per Month","Adaptive Media Delivery::Adaptive Media Delivery","C-1KF1N5C","C-1KF1N5C"
"1511112546","3-1GFDNCB","M-LC-118405",153,1,0,0,01-NOV-15,30-NOV-15,"GB","Adaptive Media Delivery::Adaptive Media Delivery Committed ","C-1KF1N3L","C-1KF1N3L"
"1511112546","3-1GFDNCB","M-LC-119641",154,1,0,0,01-NOV-15,30-NOV-15,"Per Month","Adaptive Media Delivery::HTTPS - Custom Certificate","C-1KF1N6Z","C-1KF1N6Z"
"1511112546","3-1GFDNCB","M-LC-119641",155,1,0,0,01-NOV-15,30-NOV-15,"GB","Adaptive Media Delivery::HTTPS - Custom Certificate Committed ","C-1KF1N8M","C-1KF1N8M"
"1511112546","3-1GFDNCB","M-LC-120053",186,1,0,0,01-NOV-15,30-NOV-15,"Per Month","Media Services Live","C-1KF1NIS","C-1KF1NIS"
"1511112546","3-1GFDNCB","M-LC-120259",189,1,0,0,01-NOV-15,30-NOV-15,"Per Month","Media Services Live::Stream Packaging","C-1KF1NKF","C-1KF1NKF"
"1511112546","3-1GFDNCB","M-LC-120465",187,1,0,0,01-NOV-15,30-NOV-15,"Per Month","Media Services Live::Media Encryption","C-1KF1T0I","C-1KF1T0I"
"1511112546","3-1GFDNCB","M-LC-120671",188,1,0,0,01-NOV-15,30-NOV-15,"Per Month","Media Services Live::Smooth Streaming Enablement","C-1KF1T27","C-1KF1T27"
"1511112546","3-1GFDNCB","M-LC-121701",173,1,0,0,01-NOV-15,30-NOV-15,"Per Month","Dynamic Site Delivery::HTTPS - Shared Certificate","M-1M852CK","M-1M852CK"
"1511112546","3-1GFDNCB","M-LC-122937",164,1,0,0,01-NOV-15,30-NOV-15,"GB","Download Delivery::Download Delivery Committed ","C-1KF1LY9","C-1KF1LY9"
"1511112546","3-1GFDNCB","M-LC-122937",165,1,0,0,01-NOV-15,30-NOV-15,"Base Fee","Download Delivery::Download Delivery Committed ","C-1KF1LZW","C-1KF1LZW"
"1511112546","3-1GFDNCB","M-LC-122937",166,1,0,0,01-NOV-15,30-NOV-15,"Per Month","Download Delivery::Download Delivery","C-1KF1LWJ","C-1KF1LWJ"
"1511112546","3-1GFDNCB","M-LC-123143",163,1,0,0,01-NOV-15,30-NOV-15,"Per Month","Download Delivery::Content Targeting","C-1KF1MV0","C-1KF1MV0"
"1511112546","3-1GFDNCB","M-LC-1234",193,1,0,0,01-NOV-15,30-NOV-15,"Per Month","NetAlliance Standard Support","3-1GFDNDQ","3-1GFDNDQ"
"1511112546","3-1GFDNCB","M-LC-123555",168,1,0,0,01-NOV-15,30-NOV-15,"GB","Download Delivery::HTTPS - Custom Certificate Committed ","C-1KF1MTB","C-1KF1MTB"
"1511112546","3-1GFDNCB","M-LC-125203",191,1,0,0,01-NOV-15,30-NOV-15,"Per Month","Media Services On Demand::Smooth Streaming Enablement","C-1KF1T5J","C-1KF1T5J"
"1511112546","3-1GFDNCB","M-LC-125409",197,1,0,0,01-NOV-15,30-NOV-15,"Per Month","RTMP Media Delivery::RTMP Media Delivery","C-1KF1NDN","C-1KF1NDN"
"1511112546","3-1GFDNCB","M-LC-125409",198,1,0,0,01-NOV-15,30-NOV-15,"GB","RTMP Media Delivery::RTMP Media Delivery Committed ","C-1KF1NFE","C-1KF1NFE"
"1511112546","3-1GFDNCB","M-LC-125615",196,1,0,0,01-NOV-15,30-NOV-15,"Per Month","RTMP Media Delivery::Content Targeting","C-1KF1NH1","C-1KF1NH1"
"1511112546","3-1GFDNCB","M-LC-125821",158,1,0,0,01-NOV-15,30-NOV-15,"Per Month","Adaptive Media Player::Adaptive Media Player","C-1KF1TAM","C-1KF1TAM"
"1511112546","3-1GFDNCB","M-LC-126851",159,1,0,0,01-NOV-15,30-NOV-15,"License","AdaptiveMediaPlayer::Devices - Android SDK Committed ","C-1KF1N05","C-1KF1N05"
"1511112546","3-1GFDNCB","M-LC-126851",160,1,0,0,01-NOV-15,30-NOV-15,"Per Month","AdaptiveMediaPlayer::Devices - Android SDK","C-1KF1TCF","C-1KF1TCF"
"1511112546","3-1GFDNCB","M-LC-127469",185,1,0,0,01-NOV-15,30-NOV-15,"Million Attempts","Media Analytics::Media Analytics Committed ","C-1KF1MYG","C-1KF1MYG"
"1511112546","3-1GFDNCB","M-LC-128087",206,1,0,0,01-NOV-15,30-NOV-15,"Hour","Service Management 2.0::Rule Update Service Committed ","M-1MJP59P","M-1MJP59P"
"1511112546","3-1GFDNCB","M-LC-128087",207,1,0,0,01-NOV-15,30-NOV-15,"Per Month","Service Management 2.0::Rule Update Service","M-1MJP59N","M-1MJP59N"
"1511112546","3-1GFDNCB","M-LC-133443",161,1,0,0,01-NOV-15,30-NOV-15,"Each","Akamai University Customer Training - Classroom Committed ","C-1KEU5PJ","C-1KEU5PJ"
"1511112546","3-1GFDNCB","M-LC-133649",162,1,0,0,01-NOV-15,30-NOV-15,"Each","Akamai University Customer Training - On Site Committed ","C-1KEU5NT","C-1KEU5NT"
"1511112546","3-1GFDNCB","M-LC-133855",174,1,0,0,01-NOV-15,30-NOV-15,"Per Month","Enhanced Support SLA::Enhanced Support SLA","M-1MJP59I","M-1MJP59I"
"1511112546","3-1GFDNCB","M-LC-134679",178,1,0,0,01-NOV-15,30-NOV-15,"Per Month","Integration::Managed Integration","M-1MJP59L","M-1MJP59L"
"1511112546","3-1GFDNCB","M-LC-135915",195,1,0,0,01-NOV-15,30-NOV-15,"Hour","Professional Services - Enterprise::Professional Services - Enterprise Committed ","C-1KEU5SX","C-1KEU5SX"
"1511112546","3-1GFDNCB","M-LC-137975",179,1,0,0,01-NOV-15,30-NOV-15,"Per Month","Kona Site Defender::HTTPS Option","M-1MJP59T","M-1MJP59T"
"1511112546","3-1GFDNCB","M-LC-139211",180,1,0,0,01-NOV-15,30-NOV-15,"Per Month","Kona Site Defender::HTTPS Option::SSL Network Access - SAN","M-1MJP59V","M-1MJP59V"
"1511112546","3-1GFDNCB","M-LC-139211",181,1,0,0,01-NOV-15,30-NOV-15,"Unit","Kona Site Defender::HTTPS Option::SSL Network Access - SAN Committed ","M-1MJQ18D","M-1MJQ18D"
"1511112546","3-1GFDNCB","M-LC-140035",182,1,0,0,01-NOV-15,30-NOV-15,"Per Month","Kona Site Defender::Kona Site Defender","M-1MJQ18B","M-1MJQ18B"
"1511112546","3-1GFDNCB","M-LC-140035",183,1,0,0,01-NOV-15,30-NOV-15,"Sites","Kona Site Defender::Kona Site Defender Committed ","M-1MJQ189","M-1MJQ189"
"1511112546","3-1GFDNCB","M-LC-140035",184,1,0,0,01-NOV-15,30-NOV-15,"GB","Kona Site Defender::Kona Site Defender Committed ","M-1MJP59X","M-1MJP59X"
"1511112546","3-1GFDNCB","M-LC-145185",169,1,0,0,01-NOV-15,30-NOV-15,"Per Month","Dynamic Site Accelerator - Cat Rat","M-1M852CB","M-1M852CB"
"1511112546","3-1GFDNCB","M-LC-145185",170,1,0,0,01-NOV-15,30-NOV-15,"GB","Dynamic Site Accelerator - Cat Rat Committed ","M-1M852CE","M-1M852CE"
"1511112546","3-1GFDNCB","M-LC-145185",171,1,0,0,01-NOV-15,30-NOV-15,"Web Experience","Dynamic Site Accelerator - Cat Rat Committed ","M-1M852CG","M-1M852CG"
"1511112546","3-1GFDNCB","M-LC-147039",199,1,0,0,01-NOV-15,30-NOV-15,"Web Experience","Rich Media Accelerator - Cat Rat Committed ","C-1KEU5ZN","C-1KEU5ZN"
"1511112546","3-1GFDNCB","M-LC-147039",200,1,0,0,01-NOV-15,30-NOV-15,"Per Month","Rich Media Accelerator - Cat Rat","C-1KEU5W9","C-1KEU5W9"
"1511112546","3-1GFDNCB","M-LC-147039",201,1,0,0,01-NOV-15,30-NOV-15,"GB","Rich Media Accelerator - Cat Rat Committed ","C-1KEU5Y0","C-1KEU5Y0"
"1511112546","3-1GFDNCB","M-LC-147245",202,1,0,0,01-NOV-15,30-NOV-15,"GB","Rich Media Accelerator::HTTPS Option Committed ","C-1KEU62Y","C-1KEU62Y"
"1511112546","3-1GFDNCB","M-LC-148069",203,1,0,0,01-NOV-15,30-NOV-15,"Unit","Rich Media Accelerator::HTTPS Option::SSL Network Access - SAN Committed ","C-1KEU66E","C-1KEU66E"
"1511112546","3-1GFDNCB","M-LC-148069",204,1,0,0,01-NOV-15,30-NOV-15,"Per Month","Rich Media Accelerator::HTTPS Option::SSL Network Access - SAN","C-1KEU64N","C-1KEU64N"
"1511112546","3-1GFDNCB","M-LC-157957",205,1,0,0,01-NOV-15,30-NOV-15,"Per Month","Rich Media Accelerator::Mobile Detect & Redirect","C-1KEU681","C-1KEU681"
"1511112546","3-1GFDNCB","M-LC-159831",156,1,0,0,01-NOV-15,30-NOV-15,"Unit","Adaptive Media Delivery::HTTPS Custom Cert::SSL Network Access - SAN Committed ","C-1KF1NC0","C-1KF1NC0"
"1511112546","3-1GFDNCB","M-LC-159831",157,1,0,0,01-NOV-15,30-NOV-15,"Per Month","Adaptive Media Delivery::HTTPS Custom Cert::SSL Network Access - SAN","C-1KF1NA9","C-1KF1NA9"
"1511112546","3-1GFDNCB","M-LC-159837",167,1,0,0,01-NOV-15,30-NOV-15,"Unit","Download Delivery::HTTPS - Custom Cert::SSL Network Access - SAN Committed ","C-1KF1MWR","C-1KF1MWR"
"1511112546","3-1GFDNCB","M-LC-159849",172,1,0,0,01-NOV-15,30-NOV-15,"Per Month","Dynamic Site Delivery::HTTPS - Custom Cert::SSL Network Access - SAN","M-1M852CI","M-1M852CI"
"1511112546","3-1GFDNCB","M-LC-62373",175,1,0,0,01-NOV-15,30-NOV-15,"Zones","Fast DNS Committed ","C-1KEU5UM","C-1KEU5UM"
"1511112546","3-1GFDNCB","M-LC-62373",176,1,0,0,01-NOV-15,30-NOV-15,"Base Fee","Fast DNS Committed ","C-1KEU5R8","C-1KEU5R8"
"1511112546","3-1I8KIFK","1-1RUSYB",103,1,0,0,01-OCT-15,31-OCT-15,"Per Month","Standard Customer Care Support","M-1JJCTNO","M-1JJCTNO"
"1511112546","3-1I8KIFK","1-1RUSYB",104,1,0,0,01-NOV-15,30-NOV-15,"Per Month","Standard Customer Care Support","M-1JJCTNO","M-1JJCTNO"
"1511112546","3-1I8KIFK","B-3-3IAJVB",99,1,0,0,01-OCT-15,31-OCT-15,"Each","Rich Media Accelerator::Site Failover Committed ","3-1I8Y4MU","3-1I8Y4MU"
"1511112546","3-1I8KIFK","B-3-3IAJVB",100,1,0,0,01-NOV-15,30-NOV-15,"Each","Rich Media Accelerator::Site Failover Committed ","3-1I8Y4MU","3-1I8Y4MU"
"1511112546","3-1I8KIFK","B-3-5I7D1H",101,200,0,0,01-OCT-15,31-OCT-15,"Tokens","Site Analyzer. Committed ","3-1I8UT72","3-1I8UT72"
"1511112546","3-1I8KIFK","B-3-5I7D1H",102,200,0,0,01-NOV-15,30-NOV-15,"Tokens","Site Analyzer. Committed ","3-1I8UT72","3-1I8UT72"
"1511112546","3-1I8KIFK","B-4-YZDCT",85,1,0,0,01-OCT-15,31-OCT-15,"Each","Access Control......Rich Media Accel Committed ","3-1I8Y4OJ","3-1I8Y4OJ"
"1511112546","3-1I8KIFK","B-4-YZDCT",86,1,0,0,01-NOV-15,30-NOV-15,"Each","Access Control......Rich Media Accel Committed ","3-1I8Y4OJ","3-1I8Y4OJ"
"1511112546","3-1I8KIFK","M-LC-133443",111,1,0,0,01-OCT-15,01-OCT-15,"Seats","Akamai University Customer Training - Classroom","3-1I8VWR2","3-1I8VWR2"
"1511112546","3-1I8KIFK","M-LC-133855",87,1,2400,2400,01-OCT-15,31-OCT-15,"Per Month","Enhanced Support SLA: Order ID 134620: PO# 8300664284","3-1I8VWP7","3-1I8VWP7"
"1511112546","3-1I8KIFK","M-LC-133855",88,1,2400,2400,01-NOV-15,30-NOV-15,"Per Month","Enhanced Support SLA: Order ID 134620: PO# 8300664284","3-1I8VWP7","3-1I8VWP7"
"1511112546","3-1I8KIFK","M-LC-134267",105,15,0,0,01-OCT-15,31-OCT-15,"Hour","Technical Advisory Service::Technical Advisory Service Committed ","3-1I8UTAQ","3-1I8UTAQ"
"1511112546","3-1I8KIFK","M-LC-134267",106,15,0,0,01-NOV-15,30-NOV-15,"Hour","Technical Advisory Service::Technical Advisory Service Committed ","3-1I8UTAQ","3-1I8UTAQ"
"1511112546","3-1I8KIFK","M-LC-134267",107,1,4500,4500,01-OCT-15,31-OCT-15,"Per Month","Technical Advisory Service: Order ID 134620: PO# 8300664284","3-1I8UT8V","3-1I8UT8V"
"1511112546","3-1I8KIFK","M-LC-134267",108,1,4500,4500,01-NOV-15,30-NOV-15,"Per Month","Technical Advisory Service: Order ID 134620: PO# 8300664284","3-1I8UT8V","3-1I8UT8V"
"1511112546","3-1I8KIFK","M-LC-147039",89,1,2600,2600,01-OCT-15,31-OCT-15,"Per Month","Rich Media Accelerator : Order ID 134620: PO# 8300664284","3-1I8USPX","3-1I8USPX"
"1511112546","3-1I8KIFK","M-LC-147039",90,1,2600,2600,01-NOV-15,30-NOV-15,"Per Month","Rich Media Accelerator : Order ID 134620: PO# 8300664284","3-1I8USPX","3-1I8USPX"
"1511112546","3-1I8KIFK","M-LC-147039",91,10,0,0,01-OCT-15,31-OCT-15,"Web Experience","Rich Media Accelerator - Cat Rat Committed ","3-1I8USUA","3-1I8USUA"
"1511112546","3-1I8KIFK","M-LC-147039",92,10,0,0,01-NOV-15,30-NOV-15,"Web Experience","Rich Media Accelerator - Cat Rat Committed ","3-1I8USUA","3-1I8USUA"
"1511112546","3-1I8KIFK","M-LC-147039",109,1,0.114,0.11,01-OCT-15,31-OCT-15,"GB","Rich Media Accelerator : Order ID 134620: PO# 8300664284","3-1I8USSL","3-1I8USSL"
"1511112546","3-1I8KIFK","M-LC-147245",110,0,0.129,0,01-OCT-15,31-OCT-15,"GB","HTTPS Option- Order ID 134620 : PO# 8300664284","3-1I8USY2","3-1I8USY2"
"1511112546","3-1I8KIFK","M-LC-148069",93,1,0,0,01-OCT-15,31-OCT-15,"Unit","Rich Media Accelerator::HTTPS Option::SSL Network Access - SAN Committed ","3-1I8UT1X","3-1I8UT1X"
"1511112546","3-1I8KIFK","M-LC-148069",94,1,0,0,01-NOV-15,30-NOV-15,"Unit","Rich Media Accelerator::HTTPS Option::SSL Network Access - SAN Committed ","3-1I8UT1X","3-1I8UT1X"
"1511112546","3-1I8KIFK","M-LC-148069",95,1,900,900,01-OCT-15,31-OCT-15,"Unit","SSL Network Access - SAN : Order ID: 134620: PO# 8300664284","3-1I8UT3O","3-1I8UT3O"
"1511112546","3-1I8KIFK","M-LC-148069",96,1,900,900,01-NOV-15,30-NOV-15,"Unit","SSL Network Access - SAN : Order ID: 134620: PO# 8300664284","3-1I8UT3O","3-1I8UT3O"
"1511112546","3-1I8KIFK","M-LC-148069",112,1,0,0,01-OCT-15,01-OCT-15,"Unit","Rich Media Accelerator::HTTPS Option::SSL Network Access - SAN","3-1I8UT5B","3-1I8UT5B"
"1511112546","3-1I8KIFK","M-LC-157957",97,1,1200,1200,01-OCT-15,31-OCT-15,"Per Month","Mobile Detect & Redirect : Order ID: 134620: PO# 8300664284","3-1I8USW5","3-1I8USW5"
"1511112546","3-1I8KIFK","M-LC-157957",98,1,1200,1200,01-NOV-15,30-NOV-15,"Per Month","Mobile Detect & Redirect : Order ID: 134620: PO# 8300664284","3-1I8USW5","3-1I8USW5"
"1511112546","3-1IPNEJL","B-3-A5MED",50,,0,0,01-OCT-15,31-OCT-15,"GB STORED"," GB STORED of NetStorage Usage ","M-1JJIL8M","M-1JJIL8M"
"1511112546","3-1IPNEJL","M-LC-122937",40,1,0,0,01-OCT-15,31-OCT-15,"Base Fee","Download Delivery::Download Delivery Committed ","3-1IPNEJR","3-1IPNEJR"
"1511112546","3-1IPNEJL","M-LC-122937",41,1,0,0,01-NOV-15,30-NOV-15,"Base Fee","Download Delivery::Download Delivery Committed ","3-1IPNEJR","3-1IPNEJR"
"1511112546","3-1IPNEJL","M-LC-122937",48,,0.016,0,01-OCT-15,31-OCT-15,"GB","Download Delivery : Order ID: 135089: PO# 8300664284","3-1IPNEJU","3-1IPNEJU"
"1511112546","3-1IPNEJL","M-LC-123143",38,1,0,0,01-OCT-15,31-OCT-15,"Per Month","Download Delivery::Content Targeting","3-1IPNEKN","3-1IPNEKN"
"1511112546","3-1IPNEJL","M-LC-123143",39,1,0,0,01-NOV-15,30-NOV-15,"Per Month","Download Delivery::Content Targeting","3-1IPNEKN","3-1IPNEKN"
"1511112546","3-1IPNEJL","M-LC-123555",46,1,0,0,01-OCT-15,31-OCT-15,"Base Fee","Download Delivery::HTTPS - Custom Certificate Committed ","3-1IPNEKL","3-1IPNEKL"
"1511112546","3-1IPNEJL","M-LC-123555",47,1,0,0,01-NOV-15,30-NOV-15,"Base Fee","Download Delivery::HTTPS - Custom Certificate Committed ","3-1IPNEKL","3-1IPNEKL"
"1511112546","3-1IPNEJL","M-LC-123555",49,,0.018,0,01-OCT-15,31-OCT-15,"GB","HTTPS - Custom Certificate: Order ID 135089: PO# 8300664284","3-1IPNEKG","3-1IPNEKG"
"1511112546","3-1IPNEJL","M-LC-159837",42,1,0,0,01-OCT-15,31-OCT-15,"Unit","Download Delivery::HTTPS - Custom Cert::SSL Network Access - SAN Committed ","3-1IPNEKR","3-1IPNEKR"
"1511112546","3-1IPNEJL","M-LC-159837",43,1,0,0,01-NOV-15,30-NOV-15,"Unit","Download Delivery::HTTPS - Custom Cert::SSL Network Access - SAN Committed ","3-1IPNEKR","3-1IPNEKR"
"1511112546","3-1IPNEJL","M-LC-159837",44,1,0,0,01-OCT-15,31-OCT-15,"Per Month","Download Delivery::HTTPS - Custom Cert::SSL Network Access - SAN","3-1IPNEKP","3-1IPNEKP"
"1511112546","3-1IPNEJL","M-LC-159837",45,1,0,0,01-NOV-15,30-NOV-15,"Per Month","Download Delivery::HTTPS - Custom Cert::SSL Network Access - SAN","3-1IPNEKP","3-1IPNEKP"
"1511112546","C-1JZKO97","B-3-A5MED",115,0,0.3,0,01-OCT-15,31-OCT-15,"GB STORED","0 GB STORED of NetStorage Usage ","C-1JZKOC8","C-1JZKOC8"
"1511112546","C-1JZKO97","M-LC-102131",116,0,0.11,0,01-OCT-15,31-OCT-15,"GB","0 GB of Netstorage::Aspera Upload Acceleration Usage ","C-1JZKOE3","C-1JZKOE3"
"1511112546","C-1JZKO97","M-LC-118405",113,1,0,0,01-NOV-15,30-NOV-15,"Base Fee","Adaptive Media Delivery::Adaptive Media Delivery Committed ","C-1JZKO9K","C-1JZKO9K"
"1511112546","C-1JZKO97","M-LC-118405",114,0,0.043,0,01-OCT-15,31-OCT-15,"GB","0 GB of Adaptive Media Delivery::Adaptive Media Delivery Usage ","C-1JZKOAD","C-1JZKOAD"
"1511112546","C-1KEQKD2","1-1RUSYB",126,1,0,0,01-NOV-15,30-NOV-15,"Per Month","Standard Customer Care Support","M-1LUZ7JZ","M-1LUZ7JZ"
"1511112546","C-1KEQKD2","B-3-4LC2D9",127,1,18000,18000,01-NOV-15,30-NOV-15,"Per Month","Support - Premium Support Package : Order ID: 130860: PO#8300667202","C-1KETPU7","C-1KETPU7"
"1511112546","C-1KEQKD2","B-3-5I7D1H",125,200,0,0,01-NOV-15,30-NOV-15,"Tokens","Site Analyzer. Committed ","C-1KETPS0","C-1KETPS0"
"1511112546","C-1KEQKD2","B-3-A5MED",129,,0,0,01-OCT-15,31-OCT-15,"GB STORED"," GB STORED of NetStorage Usage ","M-1LECWNN","M-1LECWNN"
"1511112546","C-1KEQKD2","M-LC-135915",120,40,0,0,01-NOV-15,30-NOV-15,"Hour","Professional Services - Enterprise::Professional Services - Enterprise Committed ","C-1KETPW2","C-1KETPW2"
"1511112546","C-1KEQKD2","M-LC-147039",121,1,2600,2600,01-NOV-15,30-NOV-15,"Per Month","Rich Media Accelerator : Order ID: 130860: PO# 8300667202","C-1KERXZJ","C-1KERXZJ"
"1511112546","C-1KEQKD2","M-LC-147039",122,10,0,0,01-NOV-15,30-NOV-15,"Web Experience","Rich Media Accelerator - Cat Rat Committed ","C-1KETPEV","C-1KETPEV"
"1511112546","C-1KEQKD2","M-LC-147039",130,,0.125,0,01-OCT-15,31-OCT-15,"GB","Rich Media Accelerator : Order ID: 130860: PO# 8300667202","C-1KET7VN","C-1KET7VN"
"1511112546","C-1KEQKD2","M-LC-147039",216,167916,0.125,20989.5,01-OCT-15,31-OCT-15,"GB","Rich Media Accelerator","C-1KET7VN","C-1KET7VN"
"1511112546","C-1KEQKD2","M-LC-147245",131,,0.141,0,01-OCT-15,31-OCT-15,"GB","HTTPS Option : Order ID: 130860: PO#8300667202","C-1KETPCI","C-1KETPCI"
"1511112546","C-1KEQKD2","M-LC-147245",218,1926,0.141,271.57,01-OCT-15,31-OCT-15,"GB","HTTPS Option","C-1KETPCI","C-1KETPCI"
"1511112546","C-1KEQKD2","M-LC-148069",123,1,900,900,01-NOV-15,30-NOV-15,"Unit","SSL Network Access - SAN : Order ID: 130860: PO#8300667202","C-1KETPIZ","C-1KETPIZ"
"1511112546","C-1KEQKD2","M-LC-157957",124,1,1200,1200,01-NOV-15,30-NOV-15,"Per Month","Mobile Detect & Redirect : Order ID: 130860: PO# 8300667202","C-1KETPH2","C-1KETPH2"
"1511112546","C-1KEQKD2","M-LC-4281",117,1,1500,1500,01-NOV-15,30-NOV-15,"Per Month","Aqua Ion Mobile: Order ID: 130860: PO# 8300667202","C-1KJLQMK","C-1KJLQMK"
"1511112546","C-1KEQKD2","M-LC-62373",118,1,1280,1280,01-NOV-15,30-NOV-15,"Per Month","Fast DNS: Order ID: 130860: PO# 8300667202","C-1KETPMH","C-1KETPMH"
"1511112546","C-1KEQKD2","M-LC-62373",119,20,0,0,01-NOV-15,30-NOV-15,"Zones","Fast DNS Committed ","C-1KETPO6","C-1KETPO6"
"1511112546","C-1KEQKD2","M-LC-62373",128,0,113.21,0,01-OCT-15,31-OCT-15,"Zones","Fast DNS: Order ID: 130860: PO#8300667202","C-1KETPPZ","C-1KETPPZ"
"1511112546","C-1KEU76X","B-3-A5MED",28,,0.12,0,01-OCT-15,27-OCT-15,"GB STORED","NetStorage: Order ID: 130981: PO#8300667202","C-1KEVWC8","C-1KEVWC8"
"1511112546","C-1KEU76X","B-3-A5MED",29,,0.12,0,28-OCT-15,31-OCT-15,"GB STORED","NetStorage: Order ID: 130860: PO#8300667202","F-AB195","F-AB195"
"1511112546","C-1KEU76X","B-3-A5MED",213,10388,0.12,1246.56,01-OCT-15,31-OCT-15,"GB STORED","NetStorage","",""
"1511112546","C-1KEU76X","M-LC-116551",17,1,0,0,01-NOV-15,30-NOV-15,"Per Month","Media Services On Demand::Stream Packaging","F-A89PQ","C-1KEVW58"
"1511112546","C-1KEU76X","M-LC-116757",26,,0,0,01-OCT-15,27-OCT-15,"GB"," GB of Media Services On Demand::Media Encryption Usage ","C-1KEVW8I","C-1KEVW8I"
"1511112546","C-1KEU76X","M-LC-116757",27,,0.022,0,28-OCT-15,31-OCT-15,"GB","Media Encryption:Order ID: 130860: PO#8300667202","F-A89PK","F-A89PK"
"1511112546","C-1KEU76X","M-LC-116757",217,2158098,0.022,47478.16,01-OCT-15,31-OCT-15,"GB","Media Encryption","",""
"1511112546","C-1KEU76X","M-LC-118405",1,1,0,0,01-NOV-15,30-NOV-15,"Base Fee","Adaptive Media Delivery::Adaptive Media Delivery Committed ","F-A89MG","C-1KEU78C"
"1511112546","C-1KEU76X","M-LC-118405",20,,0.022,0,01-OCT-15,27-OCT-15,"GB","Adaptive Media Delivery: Order ID: 130981: PO#8300667202","C-1KEU7A9","C-1KEU7A9"
"1511112546","C-1KEU76X","M-LC-118405",21,,0.022,0,28-OCT-15,31-OCT-15,"GB","Adaptive Media Delivery: Order ID: 130860: PO#8300667202","F-A89MJ","F-A89MJ"
"1511112546","C-1KEU76X","M-LC-118405",214,913906,0.022,20105.93,01-OCT-15,31-OCT-15,"GB","Adaptive Media Delivery","",""
"1511112546","C-1KEU76X","M-LC-118611",3,1,0,0,01-NOV-15,30-NOV-15,"Per Month","Adaptive Media Delivery::Content Targeting","F-A89MP","C-1KEU7FY"
"1511112546","C-1KEU76X","M-LC-119435",2,1,0,0,01-NOV-15,30-NOV-15,"Per Month","Adaptive Media Delivery::China CDN","F-AB1EN","F-AB1EN"
"1511112546","C-1KEU76X","M-LC-119641",4,1,0,0,01-NOV-15,30-NOV-15,"Base Fee","Adaptive Media Delivery::HTTPS - Custom Certificate Committed ","F-A89MS","C-1KEU7EB"
"1511112546","C-1KEU76X","M-LC-119641",22,,0.025,0,01-OCT-15,27-OCT-15,"GB","HTTPS - Custom Certificate : Order ID: 130981: PO#8300667202","C-1KEU7C8","C-1KEU7C8"
"1511112546","C-1KEU76X","M-LC-119641",23,,0.025,0,28-OCT-15,31-OCT-15,"GB","HTTPS - Custom Certificate: Order ID: 130860: PO#8300667202","F-A89MV","F-A89MV"
"1511112546","C-1KEU76X","M-LC-119641",219,1,0.025,0.03,01-OCT-15,31-OCT-15,"GB","HTTPS - Custom Certificate","",""
"1511112546","C-1KEU76X","M-LC-120053",13,1,0,0,01-NOV-15,30-NOV-15,"Per Month","Media Services Live","F-A89P8","C-1KEU7RM"
"1511112546","C-1KEU76X","M-LC-120259",15,1,0,0,01-NOV-15,30-NOV-15,"Per Month","Media Services Live::Stream Packaging","F-A89PH","C-1KEU7TB"
"1511112546","C-1KEU76X","M-LC-120465",24,,0,0,01-OCT-15,27-OCT-15,"GB"," GB of Media Services Live::Media Encryption Usage ","C-1KEVW1M","C-1KEVW1M"
"1511112546","C-1KEU76X","M-LC-120465",25,,0.022,0,28-OCT-15,31-OCT-15,"GB","Media Encryption: Order ID: 130860: PO#8300667202","F-A89PB","F-A89PB"
"1511112546","C-1KEU76X","M-LC-120465",220,1,0.022,0.02,01-OCT-15,31-OCT-15,"GB","Media Encryption","F-A89PB","F-A89PB"
"1511112546","C-1KEU76X","M-LC-120671",14,1,0,0,01-NOV-15,30-NOV-15,"Per Month","Media Services Live::Smooth Streaming Enablement","F-A89PE","C-1KEVW3F"
"1511112546","C-1KEU76X","M-LC-125203",16,1,0,0,01-NOV-15,30-NOV-15,"Per Month","Media Services On Demand::Smooth Streaming Enablement","F-A89PN","C-1KEVW6V"
"1511112546","C-1KEU76X","M-LC-125409",19,1,0,0,01-NOV-15,30-NOV-15,"Per Month","RTMP Media Delivery::RTMP Media Delivery","F-AB19E","C-1KEU7M9"
"1511112546","C-1KEU76X","M-LC-125409",30,,0.022,0,01-OCT-15,27-OCT-15,"GB"," GB of RTMP Media Delivery::RTMP Media Delivery Usage ","C-1KEU7PP","C-1KEU7PP"
"1511112546","C-1KEU76X","M-LC-125409",31,,0.022,0,28-OCT-15,31-OCT-15,"GB","RTMP Media Delivery: Order ID: 130860: PO#8300667202","F-AB19H","F-AB19H"
"1511112546","C-1KEU76X","M-LC-125409",215,125220,0.022,2754.84,01-OCT-15,31-OCT-15,"GB","RTMP Media Delivery","",""
"1511112546","C-1KEU76X","M-LC-125615",18,1,0,0,01-NOV-15,30-NOV-15,"Per Month","RTMP Media Delivery::Content Targeting","F-AB19B","C-1KEU7O0"
"1511112546","C-1KEU76X","M-LC-125821",7,1,0,0,01-NOV-15,30-NOV-15,"Per Month","Adaptive Media Player::Adaptive Media Player","F-A89NE","C-1KEVWDX"
"1511112546","C-1KEU76X","M-LC-126851",8,2,0,0,01-NOV-15,30-NOV-15,"License","AdaptiveMediaPlayer::Devices - Android SDK Committed ","F-A89O0","C-1KEXNYZ"
"1511112546","C-1KEU76X","M-LC-126851",9,1,0,0,01-NOV-15,30-NOV-15,"Per Month","AdaptiveMediaPlayer::Devices - Android SDK","F-A89NH","C-1KEVWFY"
"1511112546","C-1KEU76X","M-LC-126851",10,1,4000,4000,01-NOV-15,30-NOV-15,"Per Month","AdaptiveMediaPlayer::Devices - Android SDK: Order ID: 130860: PO#8300667202","F-A89NX","F-A89NX"
"1511112546","C-1KEU76X","M-LC-127469",11,100,0,0,01-NOV-15,30-NOV-15,"Million Attempts","Media Analytics::Media Analytics Committed ","F-A89P2","C-1KF0DE4"
"1511112546","C-1KEU76X","M-LC-127469",12,1,3000,3000,01-NOV-15,30-NOV-15,"Per Month","Media Analytics: Order ID: 130860: PO#8300667202","F-A89P5","F-A89P5"
"1511112546","C-1KEU76X","M-LC-159831",5,1,0,0,01-NOV-15,30-NOV-15,"Per Month","Adaptive Media Delivery::HTTPS Custom Cert::SSL Network Access - SAN","F-A89NB","C-1KEU7IL"
"1511112546","C-1KEU76X","M-LC-159831",6,1,0,0,01-NOV-15,30-NOV-15,"Unit","Adaptive Media Delivery::HTTPS Custom Cert::SSL Network Access - SAN Committed ","F-A89MY","C-1KEU7KC"
"1511112546","C-1KF0VHR","B-3-A5MED",37,,0,0,01-OCT-15,31-OCT-15,"GB STORED"," GB STORED of NetStorage Usage ","C-1KJNU8R","C-1KJNU8R"
"1511112546","C-1KF0VHR","M-LC-122937",33,1,0,0,01-NOV-15,30-NOV-15,"Base Fee","Download Delivery::Download Delivery Committed ","C-1KF11ST","C-1KF11ST"
"1511112546","C-1KF0VHR","M-LC-122937",35,,0.016,0,01-OCT-15,31-OCT-15,"GB","Download Delivery: Order ID: 130981: PO#8300667202","C-1KF11VP","C-1KF11VP"
"1511112546","C-1KF0VHR","M-LC-123143",32,1,0,0,01-NOV-15,30-NOV-15,"Per Month","Download Delivery::Content Targeting","C-1KF1ECH","C-1KF1ECH"
"1511112546","C-1KF0VHR","M-LC-123555",36,,0.018,0,01-OCT-15,31-OCT-15,"GB","HTTPS - Custom Certificate: Order ID: 130981: PO#8300667202","C-1KF11XE","C-1KF11XE"
"1511112546","C-1KF0VHR","M-LC-159837",34,1,0,0,01-NOV-15,30-NOV-15,"Unit","Download Delivery::HTTPS - Custom Cert::SSL Network Access - SAN Committed ","C-1KF1EE8","C-1KF1EE8"
"1511112546","M-1IQ7M1A","B-3-A5MED",83,16112,0.12,1933.44,01-OCT-15,31-OCT-15,"GB STORED","NetStorage: Order ID :135089 : PO# 8300664284","M-1IQ7M75","M-1IQ7M75"
"1511112546","M-1IQ7M1A","M-LC-116551",73,1,0,0,01-OCT-15,31-OCT-15,"Per Month","Media Services On Demand::Stream Packaging","M-1IQ7M71","M-1IQ7M71"
"1511112546","M-1IQ7M1A","M-LC-116551",74,1,0,0,01-NOV-15,30-NOV-15,"Per Month","Media Services On Demand::Stream Packaging","M-1IQ7M71","M-1IQ7M71"
"1511112546","M-1IQ7M1A","M-LC-116757",82,173327,0.022,3813.19,01-OCT-15,31-OCT-15,"GB","Media Encryption: Order ID :135089 : PO# 8300664284","M-1IQ7M6Z","M-1IQ7M6Z"
"1511112546","M-1IQ7M1A","M-LC-118405",51,1,100,100,01-OCT-15,31-OCT-15,"Base Fee","Adaptive Media Delivery: Order ID: 135089 : PO# 8300664284","M-1IQ7M3E","M-1IQ7M3E"
"1511112546","M-1IQ7M1A","M-LC-118405",52,1,100,100,01-NOV-15,30-NOV-15,"Base Fee","Adaptive Media Delivery: Order ID: 135089 : PO# 8300664284","M-1IQ7M3E","M-1IQ7M3E"
"1511112546","M-1IQ7M1A","M-LC-118405",79,1335370,0.022,29378.14,01-OCT-15,31-OCT-15,"GB","Adaptive Media Delivery: Order ID :135089 : PO# 8300664284","M-1JJE1A5","M-1JJE1A5"
"1511112546","M-1IQ7M1A","M-LC-118405",212,1335370,0.022,29378.14,01-OCT-15,31-OCT-15,"GB","Adaptive Media Delivery","M-1JJE1A5","M-1JJE1A5"
"1511112546","M-1IQ7M1A","M-LC-118611",53,1,0,0,01-OCT-15,31-OCT-15,"Per Month","Adaptive Media Delivery::Content Targeting","M-1IQ7M5R","M-1IQ7M5R"
"1511112546","M-1IQ7M1A","M-LC-118611",54,1,0,0,01-NOV-15,30-NOV-15,"Per Month","Adaptive Media Delivery::Content Targeting","M-1IQ7M5R","M-1IQ7M5R"
"1511112546","M-1IQ7M1A","M-LC-119641",55,1,0,0,01-OCT-15,31-OCT-15,"Base Fee","Adaptive Media Delivery::HTTPS - Custom Certificate Committed ","M-1IQ7M5V","M-1IQ7M5V"
"1511112546","M-1IQ7M1A","M-LC-119641",56,1,0,0,01-NOV-15,30-NOV-15,"Base Fee","Adaptive Media Delivery::HTTPS - Custom Certificate Committed ","M-1IQ7M5V","M-1IQ7M5V"
"1511112546","M-1IQ7M1A","M-LC-119641",80,0,0.025,0,01-OCT-15,31-OCT-15,"GB","HTTPS - Custom Certificate: Order ID :135089 : PO# 8300664284","M-1IQ7M5T","M-1IQ7M5T"
"1511112546","M-1IQ7M1A","M-LC-120053",65,1,0,0,01-OCT-15,31-OCT-15,"Per Month","Media Services Live","M-1IQ7M6N","M-1IQ7M6N"
"1511112546","M-1IQ7M1A","M-LC-120053",66,1,0,0,01-NOV-15,30-NOV-15,"Per Month","Media Services Live","M-1IQ7M6N","M-1IQ7M6N"
"1511112546","M-1IQ7M1A","M-LC-120259",69,1,0,0,01-OCT-15,31-OCT-15,"Per Month","Media Services Live::Stream Packaging","M-1IQ7M6P","M-1IQ7M6P"
"1511112546","M-1IQ7M1A","M-LC-120259",70,1,0,0,01-NOV-15,30-NOV-15,"Per Month","Media Services Live::Stream Packaging","M-1IQ7M6P","M-1IQ7M6P"
"1511112546","M-1IQ7M1A","M-LC-120465",81,0,0.022,0,01-OCT-15,31-OCT-15,"GB","Media Encryption: Order ID :135089 : PO# 8300664284","M-1IQ7M6R","M-1IQ7M6R"
"1511112546","M-1IQ7M1A","M-LC-120671",67,1,0,0,01-OCT-15,31-OCT-15,"Per Month","Media Services Live::Smooth Streaming Enablement","M-1IQ7M6V","M-1IQ7M6V"
"1511112546","M-1IQ7M1A","M-LC-120671",68,1,0,0,01-NOV-15,30-NOV-15,"Per Month","Media Services Live::Smooth Streaming Enablement","M-1IQ7M6V","M-1IQ7M6V"
"1511112546","M-1IQ7M1A","M-LC-125203",71,1,0,0,01-OCT-15,31-OCT-15,"Per Month","Media Services On Demand::Smooth Streaming Enablement","M-1IQ7M6X","M-1IQ7M6X"
"1511112546","M-1IQ7M1A","M-LC-125203",72,1,0,0,01-NOV-15,30-NOV-15,"Per Month","Media Services On Demand::Smooth Streaming Enablement","M-1IQ7M6X","M-1IQ7M6X"
"1511112546","M-1IQ7M1A","M-LC-125409",77,1,0,0,01-OCT-15,31-OCT-15,"Per Month","RTMP Media Delivery::RTMP Media Delivery","M-1IQ7M7L","M-1IQ7M7L"
"1511112546","M-1IQ7M1A","M-LC-125409",78,1,0,0,01-NOV-15,30-NOV-15,"Per Month","RTMP Media Delivery::RTMP Media Delivery","M-1IQ7M7L","M-1IQ7M7L"
"1511112546","M-1IQ7M1A","M-LC-125409",84,7936,0.022,174.59,01-OCT-15,31-OCT-15,"GB","RTMP Media Delivery: Order ID :135089 : PO# 8300664284","M-1IQ7M7N","M-1IQ7M7N"
"1511112546","M-1IQ7M1A","M-LC-125615",75,1,0,0,01-OCT-15,31-OCT-15,"Per Month","RTMP Media Delivery::Content Targeting","M-1IQ7M7Z","M-1IQ7M7Z"
"1511112546","M-1IQ7M1A","M-LC-125615",76,1,0,0,01-NOV-15,30-NOV-15,"Per Month","RTMP Media Delivery::Content Targeting","M-1IQ7M7Z","M-1IQ7M7Z"
"1511112546","M-1IQ7M1A","M-LC-127469",61,30,0,0,01-OCT-15,31-OCT-15,"Million Attempts","Media Analytics::Media Analytics Committed ","M-1IQ7M79","M-1IQ7M79"
"1511112546","M-1IQ7M1A","M-LC-127469",62,30,0,0,01-NOV-15,30-NOV-15,"Million Attempts","Media Analytics::Media Analytics Committed ","M-1IQ7M79","M-1IQ7M79"
"1511112546","M-1IQ7M1A","M-LC-127469",63,1,1900,1900,01-OCT-15,31-OCT-15,"Per Month","Media Analytics Order ID :135089 : PO# 8300664284","M-1IQ7M77","M-1IQ7M77"
"1511112546","M-1IQ7M1A","M-LC-127469",64,1,1900,1900,01-NOV-15,30-NOV-15,"Per Month","Media Analytics Order ID :135089 : PO# 8300664284","M-1IQ7M77","M-1IQ7M77"
"1511112546","M-1IQ7M1A","M-LC-159831",57,1,0,0,01-OCT-15,31-OCT-15,"Unit","Adaptive Media Delivery::HTTPS Custom Cert::SSL Network Access - SAN Committed ","M-1IQ7M5Z","M-1IQ7M5Z"
"1511112546","M-1IQ7M1A","M-LC-159831",58,1,0,0,01-NOV-15,30-NOV-15,"Unit","Adaptive Media Delivery::HTTPS Custom Cert::SSL Network Access - SAN Committed ","M-1IQ7M5Z","M-1IQ7M5Z"
"1511112546","M-1IQ7M1A","M-LC-159831",59,1,0,0,01-OCT-15,31-OCT-15,"Per Month","Adaptive Media Delivery::HTTPS Custom Cert::SSL Network Access - SAN","M-1IQ7M5X","M-1IQ7M5X"
"1511112546","M-1IQ7M1A","M-LC-159831",60,1,0,0,01-NOV-15,30-NOV-15,"Per Month","Adaptive Media Delivery::HTTPS Custom Cert::SSL Network Access - SAN","M-1IQ7M5X","M-1IQ7M5X"
"1511112546","M-1LUH9BF","1-1RUSYB",151,1,0,0,01-NOV-15,30-NOV-15,"Per Month","Standard Customer Care Support","M-1LUZ7NG","M-1LUZ7NG"
"1511112546","M-1LUH9BF","B-3-A5MED",148,1,0,0,01-NOV-15,30-NOV-15,"GB STORED","NetStorage Committed ","M-1LUH9CG","M-1LUH9CG"
"1511112546","M-1LUH9BF","B-3-AXTQV",139,1,12000,12000,01-NOV-15,30-NOV-15,"Each","PCDN Solution: Order ID 130981: PO# 8300667202","M-1LUH9BJ","M-1LUH9BJ"
"1511112546","M-1LUH9BF","M-LC-116551",147,1,0,0,01-NOV-15,30-NOV-15,"Per Month","Media Services On Demand::Stream Packaging","M-1LUH9CC","M-1LUH9CC"
"1511112546","M-1LUH9BF","M-LC-116757",145,1,0,0,01-NOV-15,30-NOV-15,"Per Month","Media Services On Demand::Media Encryption","M-1LUH9CA","M-1LUH9CA"
"1511112546","M-1LUH9BF","M-LC-118405",132,1,0,0,01-NOV-15,30-NOV-15,"GB","Adaptive Media Delivery::Adaptive Media Delivery Committed ","M-1LUH9BM","M-1LUH9BM"
"1511112546","M-1LUH9BF","M-LC-118611",134,1,0,0,01-NOV-15,30-NOV-15,"Per Month","Adaptive Media Delivery::Content Targeting","M-1LUH9BQ","M-1LUH9BQ"
"1511112546","M-1LUH9BF","M-LC-119435",133,1,0,0,01-NOV-15,30-NOV-15,"Per Month","Adaptive Media Delivery::China CDN","M-1LUH9BO","M-1LUH9BO"
"1511112546","M-1LUH9BF","M-LC-119641",135,1,0,0,01-NOV-15,30-NOV-15,"Per Month","Adaptive Media Delivery::HTTPS - Custom Certificate","M-1LUH9BS","M-1LUH9BS"
"1511112546","M-1LUH9BF","M-LC-120053",141,1,0,0,01-NOV-15,30-NOV-15,"Per Month","Media Services Live","M-1LUH9C4","M-1LUH9C4"
"1511112546","M-1LUH9BF","M-LC-120259",144,1,0,0,01-NOV-15,30-NOV-15,"Per Month","Media Services Live::Stream Packaging","M-1LUH9C8","M-1LUH9C8"
"1511112546","M-1LUH9BF","M-LC-120465",142,1,0,0,01-NOV-15,30-NOV-15,"Per Month","Media Services Live::Media Encryption","M-1LUH9C2","M-1LUH9C2"
"1511112546","M-1LUH9BF","M-LC-120671",143,1,0,0,01-NOV-15,30-NOV-15,"Per Month","Media Services Live::Smooth Streaming Enablement","M-1LUH9C6","M-1LUH9C6"
"1511112546","M-1LUH9BF","M-LC-125203",146,1,0,0,01-NOV-15,30-NOV-15,"Per Month","Media Services On Demand::Smooth Streaming Enablement","M-1LUH9CE","M-1LUH9CE"
"1511112546","M-1LUH9BF","M-LC-125409",150,1,0,0,01-NOV-15,30-NOV-15,"Per Month","RTMP Media Delivery::RTMP Media Delivery","M-1LUH9CK","M-1LUH9CK"
"1511112546","M-1LUH9BF","M-LC-125615",149,1,0,0,01-NOV-15,30-NOV-15,"Per Month","RTMP Media Delivery::Content Targeting","M-1LUH9CI","M-1LUH9CI"
"1511112546","M-1LUH9BF","M-LC-125821",137,1,0,0,01-NOV-15,30-NOV-15,"Per Month","Adaptive Media Player::Adaptive Media Player","M-1LUH9BW","M-1LUH9BW"
"1511112546","M-1LUH9BF","M-LC-126851",138,1,0,0,01-NOV-15,30-NOV-15,"Per Month","AdaptiveMediaPlayer::Devices - Android SDK","M-1LUH9BY","M-1LUH9BY"
"1511112546","M-1LUH9BF","M-LC-127469",140,1,0,0,01-NOV-15,30-NOV-15,"Million Attempts","Media Analytics::Media Analytics Committed ","M-1LUH9C0","M-1LUH9C0"
"1511112546","M-1LUH9BF","M-LC-159831",136,1,0,0,01-NOV-15,30-NOV-15,"Unit","Adaptive Media Delivery::HTTPS Custom Cert::SSL Network Access - SAN Committed ","M-1LUH9BU","M-1LUH9BU"
"1511112638","C-MCMK3T","1-1RUSYB",19,1,0,0,01-NOV-15,30-NOV-15,"Per Month","Standard Customer Care Support","C-1JO8KCX","C-MCUG5D"
"1511112638","C-MCMK3T","1-84LII",34,0,0.025,0,01-AUG-14,31-OCT-15,"Per Period","9000000 Per Period of Minimum Commitment Usage","C-1CSQ6RE","3-1AXTT7T"
"1511112638","C-MCMK3T","B-3-A5MED",29,2626,0.4,1050.4,01-OCT-15,31-OCT-15,"GB STORED","2626 GB STORED of NetStorage Usage above 5 GB STORED","C-1CSQ6W5","C-10RBE56"
"1511112638","C-MCMK3T","M-LC-1074",12,1,0,0,01-NOV-15,30-NOV-15,"Million Play Attempts","Media Analytics - Audience Analytics Committed ","C-1JO8JTX","C-1JO8JTX"
"1511112638","C-MCMK3T","M-LC-1074",24,1,340,340,01-OCT-15,31-OCT-15,"Million Play Attempts","Media Analytics - Audience Analytics Usage between 0 Million Play Attempts and 1 Million Play Attempts","C-1CSQ485","C-10RB67H"
"1511112638","C-MCMK3T","M-LC-1074",25,4,285,1140,01-OCT-15,31-OCT-15,"Million Play Attempts","Media Analytics - Audience Analytics Usage between 1 Million Play Attempts and 5 Million Play Attempts","C-1CSQ6MN","C-10RB65W"
"1511112638","C-MCMK3T","M-LC-1074",26,5,250,1250,01-OCT-15,31-OCT-15,"Million Play Attempts","Media Analytics - Audience Analytics Usage between 5 Million Play Attempts and 10 Million Play Attempts","C-1CSQ49Q","C-MCU2PS"
"1511112638","C-MCMK3T","M-LC-1074",27,13,150,1950,01-OCT-15,31-OCT-15,"Million Play Attempts","13 Million Play Attempts of Media Analytics - Audience Analytics Usage ","C-1CSQ44Z","C-MCU2RJ"
"1511112638","C-MCMK3T","M-LC-1089",28,21,25,525,01-OCT-15,31-OCT-15,"Million Play Attempts","21 Million Play Attempts of Media Analytics - QoS Monitor Usage above 1 Million Play Attempts (CIR)","C-1CSQ6PT","C-MCUFSJ"
"1511112638","C-MCMK3T","M-LC-1153",10,1,0,0,01-NOV-15,30-NOV-15,"Per Month","HD Streaming for Live and On Demand: SecureHD Token Authorization","C-1JO8DIY","C-1JO8DIY"
"1511112638","C-MCMK3T","M-LC-1154",9,1,0,0,01-NOV-15,30-NOV-15,"Per Month","HD Streaming for Live and On Demand: SecureHD Content Targeting","C-1JO8DHD","C-1JO8DHD"
"1511112638","C-MCMK3T","M-LC-116551",17,1,612.375,612.38,01-NOV-15,30-NOV-15,"Per Month","Media Services On Demand::Stream Packaging","3-1IHGF85","3-1IHGF85"
"1511112638","C-MCMK3T","M-LC-118405",1,1,500,500,01-NOV-15,30-NOV-15,"Base Fee","Adaptive Media Delivery::Adaptive Media Delivery Committed ","3-1IHG341","3-1IHG341"
"1511112638","C-MCMK3T","M-LC-118611",2,1,0,0,01-NOV-15,30-NOV-15,"Per Month","Adaptive Media Delivery::Content Targeting","3-1IHG3HM","3-1IHG3HM"
"1511112638","C-MCMK3T","M-LC-120053",15,1,0,0,01-NOV-15,30-NOV-15,"Per Month","Media Services Live","3-1IHG3JL","3-1IHG3JL"
"1511112638","C-MCMK3T","M-LC-120259",16,1,612.375,612.38,01-NOV-15,30-NOV-15,"Per Month","Media Services Live::Stream Packaging","3-1IHGF5W","3-1IHGF5W"
"1511112638","C-MCMK3T","M-LC-1213",7,1,0,0,01-NOV-15,30-NOV-15,"GB","All HTTP Delivery for HD Network Committed ","C-1JO8DB1","C-1JO8DB1"
"1511112638","C-MCMK3T","M-LC-1213",20,250000,0.025,6250,01-OCT-15,31-OCT-15,"GB","All HTTP Delivery for HD Network Usage between 0 GB and 250000 GB","C-1CSQ3VH","C-10RB5Q2"
"1511112638","C-MCMK3T","M-LC-1213",21,250000,0.02,5000,01-OCT-15,31-OCT-15,"GB","All HTTP Delivery for HD Network Usage between 250000 GB and 500000 GB","C-1CSQ3SB","C-10RB5OH"
"1511112638","C-MCMK3T","M-LC-1213",22,500000,0.018,9000,01-OCT-15,31-OCT-15,"GB","All HTTP Delivery for HD Network Usage between 500000 GB and 1000000 GB","C-1CSQ3QQ","C-10RB5MW"
"1511112638","C-MCMK3T","M-LC-1213",23,2900347,0.017,49305.9,01-OCT-15,31-OCT-15,"GB","2900347 GB of All HTTP Delivery for HD Network Usage above 1000000 GB","C-1CSQ3X2","3-1AG08ZP"
"1511112638","C-MCMK3T","M-LC-1214",8,1,0,0,01-NOV-15,30-NOV-15,"Domains","All HTTP Delivery for HD Network: Domains Committed ","C-1JO8DFS","C-1JO8DFS"
"1511112638","C-MCMK3T","M-LC-125821",3,1,0,0,01-NOV-15,30-NOV-15,"Per Month","Adaptive Media Player::Adaptive Media Player","3-1IHGFMS","3-1IHGFMS"
"1511112638","C-MCMK3T","M-LC-126851",4,1,1600,1600,01-NOV-15,30-NOV-15,"Per Month","AdaptiveMediaPlayer::Devices - Android SDK","3-1IHGFRC","C-18KO8NV"
"1511112638","C-MCMK3T","M-LC-126851",5,1,0,0,01-NOV-15,30-NOV-15,"License","AdaptiveMediaPlayer::Devices - Android SDK Committed ","3-1IHGFT3","C-18KO8RK"
"1511112638","C-MCMK3T","M-LC-126851",33,1,0,0,01-NOV-15,01-NOV-15,"Per Month","AdaptiveMediaPlayer::Devices - Android SDK","3-1IHGFPB","3-1IHGFPB"
"1511112638","C-MCMK3T","M-LC-127469",13,70,0,0,01-NOV-15,30-NOV-15,"Million Attempts","Media Analytics::Media Analytics Committed ","M-1LVAAO1","M-1LVAAO1"
"1511112638","C-MCMK3T","M-LC-127469",14,1,4133.05,4133.05,01-NOV-15,30-NOV-15,"Per Month","Media Analytics::Media Analytics","3-1IHGNO8","3-1IHGNO8"
"1511112638","C-MCMK3T","M-LC-133443",6,2,0,0,01-NOV-15,31-OCT-16,"Seats","Akamai University Customer Training - Classroom Committed ","3-1IHGFWJ","3-1IHGFWJ"
"1511112638","C-MCMK3T","M-LC-134061",18,1,4200,4200,01-NOV-15,30-NOV-15,"Per Month","Named Enhanced Support::Named Enhanced Support","3-1IHGFUS","3-1IHGFUS"
"1511112638","C-MCMK3T","M-LC-135915",30,0,200,0,01-OCT-15,31-OCT-15,"Hour","0 Hour of Professional Services - Enterprise::Professional Services - Enterprise Usage ","3-1IHGFD3","C-1CSQ7FO"
"1511112638","C-MCMK3T","M-LC-1396",11,1,0,0,01-NOV-15,30-NOV-15,"Per Month","HD Streaming for Live and On Demand::Stream Packaging","C-1JO8DKJ","C-1JO8DKJ"
"1511112638","C-MCMK3T","M-LC-1398",32,0,0.063,0,01-OCT-15,31-OCT-15,"Output Minutes","0 Output Minutes of Video On Demand Transcoding Usage ","C-1CSQ742","3-1AG1BA1"
"1511112638","C-MCMK3T","M-LC-60519",31,,12,0,01-OCT-15,31-OCT-15,"Percent"," Percent of Support::Named Enhanced Support Usage ","C-1CSQ70W","3-1CXD880"
"1511112638","C-MCMK3T","M-LC-60519",35,240061.3,0.12,28807.36,01-DEC-14,31-OCT-15,"Percent","Support::Named Enhanced Support","C-1CSQ70W","3-1CXD880"
"1511112729","3-11X8R3N","1-1RUSYB",19,1,0,0,01-NOV-15,30-NOV-15,"Per Month","Standard Customer Care Support","C-1JTE2B7","3-11X8R4G"
"1511112729","3-11X8R3N","B-3-4D5VW3",17,1,0,0,01-NOV-15,30-NOV-15,"Domains","Progressive Media Downloads Committed ","C-1JTE29M","3-15Y2G1D"
"1511112729","3-11X8R3N","B-3-4D5VW3",18,1,0,0,01-NOV-15,30-NOV-15,"GB","Progressive Media Downloads Committed ","C-1JTE281","3-15Y2FZL"
"1511112729","3-11X8R3N","B-3-4D7JA2",13,1,0,0,01-NOV-15,30-NOV-15,"Each","Log Delivery Service.......Progressive Media Downloads Committed ","C-1JTE21P","3-15Y2G4R"
"1511112729","3-11X8R3N","B-3-4D7JCO",20,1,0,0,01-NOV-15,30-NOV-15,"Each","URL and Visitor Intelligence Committed ","C-1JTE2CS","3-15Y2G30"
"1511112729","3-11X8R3N","B-3-8OO2R0",11,1,0,0,01-NOV-15,30-NOV-15,"GB","HD On Demand Streaming Committed ","C-1JTDZN7","3-13SI5C7"
"1511112729","3-11X8R3N","B-3-A5MED",14,1,0,0,01-NOV-15,30-NOV-15,"GB STORED","NetStorage Committed ","C-1JTE23A","3-11X8RDS"
"1511112729","3-11X8R3N","B-3-AXTTN",15,1,0,0,01-NOV-15,30-NOV-15,"Day","Professional Services - Enterprise Committed ","C-1JTE24V","3-11X8RHE"
"1511112729","3-11X8R3N","M-LC-1153",12,1,0,0,01-NOV-15,30-NOV-15,"Per Month","HD Streaming for Live and On Demand: SecureHD Token Authorization","C-1JTE204","3-13SI5DZ"
"1511112729","3-11X8R3N","M-LC-801",16,1,0,0,01-NOV-15,30-NOV-15,"Each","Professional Services - Standard Integration Committed ","C-1JTE26G","3-11X8RFL"
"1511112729","3-13S7HF6","1-1RUSYB",6,1,0,0,01-NOV-15,14-NOV-15,"Per Month","Standard Customer Care Support","C-15PKX49","3-14TRYPB"
"1511112729","3-13S7HF6","B-3-8OO2R0",2,1,20000,9333,01-NOV-15,14-NOV-15,"Platform Fee","HD On Demand Streaming Committed ","C-15PKPN9","3-13S7HR6"
"1511112729","3-13S7HF6","B-3-8OO2R0",3,1000,0,0,01-NOV-15,14-NOV-15,"GB","HD On Demand Streaming Committed ","C-15PKPOU","3-13S7HS1"
"1511112729","3-13S7HF6","B-3-8OO2R0",9,0,22.5,0,01-OCT-15,31-OCT-15,"GB","0 GB of HD On Demand Streaming Usage above 1000 GB (CIR)","C-15PKPQF","3-13S7HTU"
"1511112729","3-13S7HF6","B-3-A5MED",5,3,0,0,01-NOV-15,14-NOV-15,"GB STORED","NetStorage Committed ","C-15PKWUR","3-13S7HXG"
"1511112729","3-13S7HF6","B-3-A5MED",10,0,500,0,01-OCT-15,31-OCT-15,"GB STORED","0 GB STORED of NetStorage Usage above 3 GB STORED (CIR)","C-15PKWWC","3-13S7HZF"
"1511112729","3-13S7HF6","B-4-1JDF1P",7,1,0,0,01-NOV-15,14-NOV-15,"Each","Stream and Viewer Intelligence - HD On Demand Streaming Committed ","C-15PKX5U","C-15PKX5U"
"1511112729","3-13S7HF6","B-4-1JGZJ1",4,1,0,0,01-NOV-15,14-NOV-15,"Per Month","Log Delivery Service - HD On Demand Streaming","C-16XENYF","C-16XENYF"
"1511112729","3-13S7HF6","M-LC-1036",1,1,110000,51333,01-NOV-15,14-NOV-15,"Per Month","Akamai Media Player - Flash","C-15PKPV6","C-15PKPV6"
"1511112729","3-13S7HF6","M-LC-1140",8,1,75000,35000,01-NOV-15,14-NOV-15,"Per Month","Token Authorization for SecureHD for HD On Demand Streaming","C-15PKPS0","C-15PKPS0"
"1511112791","3-1WA4HL","1-1RUSYB",17,1,0,0,01-NOV-15,30-NOV-15,"Per Month","Standard Customer Care Support","M-1MH4W7Z","3-1WBECG"
"1511112791","3-1WA4HL","B-3-A5ME5",16,1,0,0,01-NOV-15,30-NOV-15,"Each","Site and Visitor Intelligence Committed ","M-1MH4W7V","M-1KPGCD3"
"1511112791","3-1WA4HL","B-3-A5MED",12,5,0,0,01-NOV-15,30-NOV-15,"GB STORED","NetStorage Committed ","M-1MH4W77","C-4TSMLH"
"1511112791","3-1WA4HL","B-3-A5MED",20,0,20,0,01-OCT-15,31-OCT-15,"GB STORED","0 GB STORED of NetStorage Usage above 5 GB STORED (CIR)","M-1MH4W73","C-4TSMLU"
"1511112791","3-1WA4HL","B-3-A5MMP",5,1,0,0,01-NOV-15,30-NOV-15,"Each","China CDN Secure for Site Accelerator Committed ","M-1MH4W63","3-QULRZN"
"1511112791","3-1WA4HL","B-3-FX2TZ",14,1,0,0,01-NOV-15,30-NOV-15,"Per Month","Secure Delivery.","M-1MH4W7N","C-LUM2NB"
"1511112791","3-1WA4HL","M-LC-107281",10,1,1500,1500,01-NOV-15,30-NOV-15,"Base Fee","Global Traffic Management - Standard Committed ","C-1JO5XCG","3-1CFH5MN"
"1511112791","3-1WA4HL","M-LC-107281",11,5,0,0,01-NOV-15,30-NOV-15,"Properties","Global Traffic Management - Standard Committed ","M-1MH4W6Z","3-1CFGM8Z"
"1511112791","3-1WA4HL","M-LC-107281",19,0,500,0,01-OCT-15,31-OCT-15,"Properties","0 Properties of Global Traffic Management - Standard Usage above 5 Properties (CIR)","M-1MH4W6R","3-1CFGMAL"
"1511112791","3-1WA4HL","M-LC-1196",15,1,0,0,01-NOV-15,30-NOV-15,"Per Month","Site Delivery: Real User Monitoring","M-1MH4W7R","C-XVH38G"
"1511112791","3-1WA4HL","M-LC-1211",6,1,1920,1920,01-NOV-15,30-NOV-15,"Platform Fee","Dynamic Site Delivery with HD Committed ","C-1JO5X2S","C-LUM2FZ"
"1511112791","3-1WA4HL","M-LC-1211",7,1,0,0,01-NOV-15,30-NOV-15,"Per Site","Dynamic Site Delivery with HD Committed ","C-1JO5X7M","C-LUM2LL"
"1511112791","3-1WA4HL","M-LC-1211",8,24000,0.16,3840,01-NOV-15,30-NOV-15,"GB","Dynamic Site Delivery with HD Committed ","C-1JO5X60","C-1JO5X60"
"1511112791","3-1WA4HL","M-LC-1211",9,8000,0,0,01-NOV-15,30-NOV-15,"GB","Dynamic Site Delivery with HD Committed ","M-1KPGC5D","M-1KPGC5D"
"1511112791","3-1WA4HL","M-LC-1211",18,371,0.18,66.78,01-OCT-15,31-OCT-15,"GB","371 GB of Dynamic Site Delivery with HD Usage above 288000 GB (CIR)","3-1CFGM2J","3-1CFGM2J"
"1511112791","3-1WA4HL","M-LC-135915",21,0,325,0,01-OCT-15,31-OCT-15,"Hour","0 Hour of Professional Services - Enterprise::Professional Services - Enterprise Usage ","3-1CFH6L8","3-1CFH6L8"
"1511112791","3-1WA4HL","M-LC-853",13,1,0,0,01-NOV-15,30-NOV-15,"Unit","SSL Network Access - Wildcard for Site Delivery Committed ","M-1MH4W7J","C-LUM2P1"
"1511112791","3-1WA4HL","M-LC-853",22,1,0,0,01-NOV-15,01-NOV-15,"Unit","SSL Network Access - Wildcard for Site Delivery","M-1KPGCDN","M-1KPGCDN"
"1511112791","3-3TD3XC","B-3-A5MMP",1,3000,0,0,01-NOV-15,30-NOV-15,"GB","China CDN Secure for Site Accelerator Committed ","C-1JO8TJ6","C-1JO8TJ6"
"1511112791","3-3TD3XC","B-3-A5MMP",2,6000,0.8,4800,01-NOV-15,30-NOV-15,"GB","China CDN Secure for Site Accelerator Committed ","M-1KPGCIK","M-1KPGCIK"
"1511112791","3-3TD3XC","B-3-A5MMP",3,1,3000,3000,01-NOV-15,30-NOV-15,"Base Fee","China CDN Secure for Site Accelerator Committed ","C-1JO8TKS","C-1JO8TKS"
"1511112791","3-3TD3XC","B-3-A5MMP",4,0,1.2,0,01-OCT-15,31-OCT-15,"GB","0 GB of China CDN Secure for Site Accelerator Usage above 72000 GB (CIR)","3-1CFS7XN","3-1CFS7XN"
"1511112839","C-FGX9ZD","1-1RUSYB",7,1,0,0,01-NOV-15,30-NOV-15,"Per Month","Standard Customer Care Support","M-1KQPPY2","C-FGX9ZN"
"1511112839","C-FGX9ZD","B-3-4RM3IR",8,1,0,0,01-NOV-15,30-NOV-15,"Each","Support - Standard Support Package Committed ","M-1MVW3PI","C-X4BMGQ"
"1511112839","C-FGX9ZD","B-3-A5ME5",6,1,0,0,01-NOV-15,30-NOV-15,"Each","Site and Visitor Intelligence Committed ","M-1KQPPXY","C-1IMZRVV"
"1511112839","C-FGX9ZD","B-3-A5MED",4,5,0,0,01-NOV-15,30-NOV-15,"GB STORED","NetStorage Committed ","M-1KQPPXM","C-FGXA0R"
"1511112839","C-FGX9ZD","B-3-A5MED",10,0,500,0,01-OCT-15,31-OCT-15,"GB STORED","0 GB STORED of NetStorage Usage above 5 GB STORED (CIR)","M-1KQPPXQ","C-FGXA16"
"1511112839","C-FGX9ZD","B-3-FX2TZ",5,1,80000,80000,01-NOV-15,30-NOV-15,"Per Month","Secure Delivery.","M-1KQPPXU","C-FGXA1Q"
"1511112839","C-FGX9ZD","M-LC-1211",1,1,0,0,01-NOV-15,30-NOV-15,"Per Site","Dynamic Site Delivery with HD Committed ","M-1KQPPXE","C-FGVWA7"
"1511112839","C-FGX9ZD","M-LC-1211",2,1,211000,211000,01-NOV-15,30-NOV-15,"Platform Fee","Dynamic Site Delivery with HD Committed ","M-1KQPPXA","M-1MVW3OM"
"1511112839","C-FGX9ZD","M-LC-1211",3,1200,0,0,01-NOV-15,30-NOV-15,"GB","Dynamic Site Delivery with HD Committed ","M-1KQPPX5","M-1MVW3OI"
"1511112839","C-FGX9ZD","M-LC-1211",9,868,120,104160,01-OCT-15,31-OCT-15,"GB","868 GB of Dynamic Site Delivery with HD Usage above 400 GB (CIR)","C-1IMZRFS","C-V6EUWE"
"1511112839","C-FGX9ZD","M-LC-133443",11,1,0,0,01-NOV-15,01-NOV-15,"Seats","Akamai University Customer Training - Classroom","M-1MVW3S1","M-1MVW3S1"
"1511112839","C-FGX9ZD","M-LC-133855",12,291000,0.05,14550,01-NOV-15,30-NOV-15,"Percent","Enhanced Support SLA::Enhanced Support SLA","M-1KQPPYA","M-1MVW3PM"
"1511951627","1-118EV1","1-1N9ZDV",13,1,0,0,01-NOV-15,30-NOV-15,"Mbps","Contract/Solution Migrations","M-1IPJR4O","M-1IPJR4O"
"1511951627","1-118EV1","1-1N9ZDV",14,-70,88,-6160,01-OCT-15,31-OCT-15,"Mbps","Prior month adjustment EdgeSuite Delivery Edition - reversed charges","C-1BYS5FT","C-AQEX75"
"1511951627","1-118EV1","1-1N9ZDV",15,1,0,0,01-OCT-15,31-OCT-15,"Mbps","Prior month adjustment EdgeSuite Delivery Edition - corrected charges","M-1IPJR4O","M-1IPJR4O"
"1511951627","1-118EV1","1-1NM2M3",16,1,0,0,01-NOV-15,30-NOV-15,"Mbps","Contract/Solution Migrations","M-1IPJR50","M-1IPJR50"
"1511951627","1-118EV1","1-1NM2M3",17,-1,0,0,01-OCT-15,31-OCT-15,"Mbps","Prior month adjustment Log Delivery Service - reversed charges","C-1BYS5HE","C-4FBUZN"
"1511951627","1-118EV1","1-1NM2M3",18,1,0,0,01-OCT-15,31-OCT-15,"Mbps","Prior month adjustment Log Delivery Service - corrected charges","M-1IPJR50","M-1IPJR50"
"1511951627","1-118EV1","1-1RUSYB",23,1,0,0,01-NOV-15,30-NOV-15,"Per Month","Contract/Solution Migrations","M-1IPJR5I","M-1IPJR5I"
"1511951627","1-118EV1","1-1RUSYB",24,-1,0,0,01-OCT-15,31-OCT-15,"Per Month","Prior month adjustment Standard Customer Care Support - reversed charges","C-1BYS5QW","3-255H8T"
"1511951627","1-118EV1","1-1RUSYB",25,1,0,0,01-OCT-15,31-OCT-15,"Per Month","Prior month adjustment Standard Customer Care Support - corrected charges","M-1IPJR5I","M-1IPJR5I"
"1511951627","1-118EV1","1-FFSHE",10,1,0,0,01-NOV-15,30-NOV-15,"Per Month","Contract/Solution Migrations","M-1IPJR4L","M-1IPJR4L"
"1511951627","1-118EV1","1-FFSHE",11,-5,0,0,01-OCT-15,31-OCT-15,"Per Month","Prior month adjustment Domain Names (each) - reversed charges","C-1BYS59H","3-OMO8DP"
"1511951627","1-118EV1","1-FFSHE",12,1,0,0,01-OCT-15,31-OCT-15,"Per Month","Prior month adjustment ES - Domain Names (each) - corrected charges","M-1IPJR4L","M-1IPJR4L"
"1511951627","1-118EV1","B-3-A5MED",19,1,0,0,01-NOV-15,30-NOV-15,"GB STORED","Contract/Solution Migrations","M-1IPJR53","M-1IPJR53"
"1511951627","1-118EV1","B-3-A5MED",20,-1,0,0,01-OCT-15,31-OCT-15,"GB STORED","Prior month adjustment NetStorage - reversed charges","C-1BYS5KK","3-OMO8J0"
"1511951627","1-118EV1","B-3-A5MED",21,-100,11,-1100,01-OCT-15,31-OCT-15,"GB STORED","Prior month adjustment NetStorage - reversed charges","C-1BYS5NQ","C-AQEX79"
"1511951627","1-118EV1","B-3-A5MED",22,1,0,0,01-OCT-15,31-OCT-15,"GB STORED","Prior month adjustment NetStorage - corrected charges","M-1IPJR53","M-1IPJR53"
"1511951627","1-118EV1","B-3-N64S",1,1,0,0,01-NOV-15,30-NOV-15,"Each","Contract/Solution Migrations","M-1IPJR10","M-1IPJR10"
"1511951627","1-118EV1","B-3-N64S",2,-1,0,0,01-OCT-15,31-OCT-15,"Each","Prior month adjustment Content, Stream and Visitor Intelligence - reversed charges","C-1BYS57W","3-13AX5HT"
"1511951627","1-118EV1","B-3-N64S",3,1,0,0,01-OCT-15,31-OCT-15,"Each","Prior month adjustment Content, Stream and Visitor Intelligence - corrected charges","M-1IPJR10","M-1IPJR10"
"1511951627","1-118EV1","M-LC-121289",4,1,0,0,01-NOV-15,30-NOV-15,"Base Fee","Contract/Solution Migrations","M-1IPJR13","M-1IPJR13"
"1511951627","1-118EV1","M-LC-121289",5,-1,0,0,01-OCT-15,05-OCT-15,"Base Fee","Prior month adjustment Dynamic Site Delivery - reversed charges","C-1I5IONT","C-1I5IONT"
"1511951627","1-118EV1","M-LC-121289",6,-1,0,0,01-OCT-15,05-OCT-15,"GB","Prior month adjustment Dynamic Site Delivery - reversed charges","C-1I5IOPP","C-1I5IOPP"
"1511951627","1-118EV1","M-LC-121289",7,1,0,0,01-OCT-15,31-OCT-15,"Base Fee","Prior month adjustment Dynamic Site Delivery::Dynamic Site Delivery - corrected charges","M-1IPJR13","M-1IPJR13"
"1511951627","1-118EV1","M-LC-121289",8,1,0,0,01-OCT-15,31-OCT-15,"GB","Prior month adjustment Dynamic Site Delivery::Dynamic Site Delivery - corrected charges","M-1IPJR4I","M-1IPJR4I"
"1511951627","1-118EV1","M-LC-121289",9,1,0,0,01-NOV-15,30-NOV-15,"GB","Contract/Solution Migrations","M-1IPJR4I","M-1IPJR4I"
"1511951629","1-11YRVB","1-1RUSYB",16,1,0,0,01-NOV-15,30-NOV-15,"Per Month","Standard Customer Care Support","C-13XC7NL","1-4396RL"
"1511951629","1-11YRVB","B-3-5I7D1H",15,200,0,0,01-NOV-15,30-NOV-15,"Tokens","Site Analyzer. Committed ","C-13XC7LZ","C-XXUNRL"
"1511951629","1-11YRVB","B-3-A5MED",10,6,0,0,01-NOV-15,30-NOV-15,"GB STORED","NetStorage Committed ","C-13XC797","C-44SKYD"
"1511951629","1-11YRVB","B-3-A5MED",20,0,50,0,01-OCT-15,31-OCT-15,"GB STORED","0 GB STORED of NetStorage Usage above 6 GB STORED (CIR)","C-13XC77M","C-44SKYQ"
"1511951629","1-11YRVB","B-3-A5MLB",1,1,0,0,01-NOV-15,30-NOV-15,"Each","Advanced Cache Optimization Committed ","C-13XC2V0","C-XXUNUD"
"1511951629","1-11YRVB","M-LC-1002",18,,5000,0,01-OCT-15,31-OCT-15,"Each"," Each of DDoS Fee Protection - Capped Burst Fee for Site Accelerator Usage ","C-13XC2WM","C-XXV1HF"
"1511951629","1-11YRVB","M-LC-1195",14,1,0,0,01-NOV-15,30-NOV-15,"Per Month","Site Accelerator: Real User Monitoring","C-13XC7KD","C-XXU6H3"
"1511951629","1-11YRVB","M-LC-1208",4,1,0,0,01-NOV-15,30-NOV-15,"Per Site","Dynamic Site Accelerator Secure with HD Committed ","C-13XC2Y8","3-SF2B0D"
"1511951629","1-11YRVB","M-LC-1208",5,1,3500,3500,01-NOV-15,30-NOV-15,"Platform Fee","Dynamic Site Accelerator Secure with HD Committed ","C-13XC332","C-XXUNT6"
"1511951629","1-11YRVB","M-LC-1208",6,1,16003.63636,16003.64,01-NOV-15,30-NOV-15,"Per Month","Dynamic Site Accelerator Secure with HD","C-13XC36A","C-13XC36A"
"1511951629","1-11YRVB","M-LC-1208",19,0,120,0,01-APR-15,31-OCT-15,"Mbps","0 Mbps of Dynamic Site Accelerator Secure with HD Usage above 1467 Mbps (CIR)","C-13XC34O","C-13XC34O"
"1511951629","1-11YRVB","M-LC-1306",8,1,0,0,01-NOV-15,30-NOV-15,"Per Site","Kona Site Defender - Legacy Committed ","C-13XC760","C-KONJGI"
"1511951629","1-11YRVB","M-LC-1306",9,1,13200,13200,01-NOV-15,30-NOV-15,"Per Month","Kona Site Defender - Legacy","C-13XC39I","C-KONJEH"
"1511951629","1-11YRVB","M-LC-1383",2,50,0,0,01-NOV-15,30-NOV-15,"Million Requests","Cloud Monitor Committed ","C-13WZINT","C-13WZINT"
"1511951629","1-11YRVB","M-LC-1383",3,1,700,700,01-NOV-15,30-NOV-15,"Base Fee","Cloud Monitor Committed ","C-13WZIMZ","C-13WZIMZ"
"1511951629","1-11YRVB","M-LC-1383",17,0,5,0,01-OCT-15,31-OCT-15,"Million Requests","0 Million Requests of Cloud Monitor Usage above 50 Million Requests (CIR)","C-13WZIOJ","C-13WZIOJ"
"1511951629","1-11YRVB","M-LC-37859",12,1,6800,6800,01-NOV-15,30-NOV-15,"Per Month","Professional Services::Protect and Perform Service Management","C-13XC7FK","C-XXV1LW"
"1511951629","1-11YRVB","M-LC-846",13,1,0,0,01-NOV-15,30-NOV-15,"Unit","SSL Network Access - Extended Validation for Site Accelerator Committed ","C-13XC7H5","3-LMY0UK"
"1511951629","1-11YRVB","M-LC-886",11,1,0,0,01-NOV-15,30-NOV-15,"Per Month","PCI Compliance Management","C-13XC7AS","C-KONJK8"
"1511951629","1-11YRVB","M-LC-887",7,1,0,0,01-NOV-15,30-NOV-15,"Per Month","ISO Compliance Management","C-13XC37W","C-XXUNS1"
"1511951630","1-134B7D","1-1RUSYB",17,1,0,0,01-NOV-15,30-NOV-15,"Per Month","Standard Customer Care Support","C-1HVKDC7","C-1HVKDC7"
"1511951630","1-134B7D","B-3-5I7D1H",16,200,0,0,01-NOV-15,30-NOV-15,"Tokens","Site Analyzer. Committed ","C-1HVKJ37","C-1HVKJ37"
"1511951630","1-134B7D","B-3-A5MED",11,115,0,0,01-NOV-15,30-NOV-15,"GB STORED","NetStorage Committed ","C-1HVKD5V","3-QCDUIY"
"1511951630","1-134B7D","B-3-A5MED",28,0,10,0,01-OCT-15,31-OCT-15,"GB STORED","0 GB STORED of NetStorage Usage above 115 GB STORED (CIR)","C-1HVKD4A","3-QCDUJM"
"1511951630","1-134B7D","M-LC-107281",2,1,0,0,01-NOV-15,30-NOV-15,"Base Fee","Global Traffic Management - Standard Committed ","C-1HVKXV6","C-1HVKXV6"
"1511951630","1-134B7D","M-LC-107281",3,5,0,0,01-NOV-15,30-NOV-15,"Properties","Global Traffic Management - Standard Committed ","C-1HVKXX1","C-1HVKXX1"
"1511951630","1-134B7D","M-LC-107281",24,1,100,100,01-OCT-15,31-OCT-15,"Properties","1 Properties of Global Traffic Management - Standard Usage above 5 Properties (CIR)","C-1HVKXYS","C-1HVKXYS"
"1511951630","1-134B7D","M-LC-1183",12,2,0,0,01-NOV-15,30-NOV-15,"Business Days","Professional Services::Technical Advisory Services Committed ","C-1HVKD7G","C-R7FR3Y"
"1511951630","1-134B7D","M-LC-1183",13,1,0,0,01-NOV-15,30-NOV-15,"Per Month","Professional Services::Technical Advisory Services","C-1HVKD91","C-R7FR23"
"1511951630","1-134B7D","M-LC-1183",29,,350,0,01-OCT-15,31-OCT-15,"Business Days"," Business Days of Professional Services::Technical Advisory Services Usage above 2 Business Days (CIR)","C-1HVL7UA","C-1HVL7UA"
"1511951630","1-134B7D","M-LC-120877",15,1,6000,6000,01-NOV-15,30-NOV-15,"Per Month","Service Management 2.0::Service Management","C-1HVKY60","C-1HVKY60"
"1511951630","1-134B7D","M-LC-128087",14,1,4500,4500,01-NOV-15,30-NOV-15,"Per Month","Service Management 2.0::Rule Update Service","C-1HVKYDG","C-1HVKYDG"
"1511951630","1-134B7D","M-LC-133855",1,1,2000,2000,01-NOV-15,30-NOV-15,"Per Month","Enhanced Support SLA::Enhanced Support SLA","C-1HVL7W1","C-1HVL7W1"
"1511951630","1-134B7D","M-LC-137151",20,1536,0,0,01-NOV-15,30-NOV-15,"Mbps","Web Application Firewall::Web Application Firewall Committed ","C-1HVKECE","C-1HVKECE"
"1511951630","1-134B7D","M-LC-137151",21,10,0,0,01-NOV-15,30-NOV-15,"Sites","Web Application Firewall::Web Application Firewall Committed ","C-1HVKEG2","C-1HVKEG2"
"1511951630","1-134B7D","M-LC-137151",22,2,0,0,01-NOV-15,30-NOV-15,"Policies","Web Application Firewall::Web Application Firewall Committed ","C-1HVKICV","C-1HVKICV"
"1511951630","1-134B7D","M-LC-137151",23,1,5750,5750,01-NOV-15,30-NOV-15,"Per Month","Web Application Firewall::Web Application Firewall","C-1HVKEA9","C-1HVKEA9"
"1511951630","1-134B7D","M-LC-137151",31,0,9.5,0,01-OCT-15,31-OCT-15,"Mbps","0 Mbps of Web Application Firewall::Web Application Firewall Usage above 1536 Mbps (CIR)","C-1HVKEE9","C-1HVKEE9"
"1511951630","1-134B7D","M-LC-137563",18,1,7875,7875,01-NOV-15,30-NOV-15,"Per Month","Web Application Firewall::Client Reputation","C-1HVKIEU","C-1HVKIEU"
"1511951630","1-134B7D","M-LC-137563",19,2000,0,0,01-NOV-15,30-NOV-15,"Mbps","Web Application Firewall::Client Reputation Committed ","C-1HVKIGP","C-1HVKIGP"
"1511951630","1-134B7D","M-LC-137563",30,0,7,0,01-OCT-15,31-OCT-15,"Mbps","0 Mbps of Web Application Firewall::Client Reputation Usage above 2000 Mbps (CIR)","C-1HVKIIK","C-1HVKIIK"
"1511951630","1-134B7D","M-LC-159605",6,1000,0,0,01-NOV-15,30-NOV-15,"Million Hits","Ion Standard::Adaptive Image Compression Committed ","C-1HVKITU","C-1HVKITU"
"1511951630","1-134B7D","M-LC-159605",26,0,100,0,01-OCT-15,31-OCT-15,"Million Hits","0 Million Hits of Ion Standard::Adaptive Image Compression Usage above 1000 Million Hits (CIR)","C-1HVKIVP","C-1HVKIVP"
"1511951630","1-134B7D","M-LC-79883",7,1,0,0,01-NOV-15,30-NOV-15,"Per Month","Ion Standard::HTTPS Option","C-1HVKIXG","C-1HVKIXG"
"1511951630","1-134B7D","M-LC-80913",8,2,550,1100,01-NOV-15,30-NOV-15,"Unit","Ion Standard::SSL Network Access - SAN Committed ","C-1HVKIZF","C-1HVKIZF"
"1511951630","1-134B7D","M-LC-84827",4,1,145350,145350,01-NOV-15,30-NOV-15,"Platform Fee","Ion Standard Committed ","C-1HVKIKB","C-1HVKIKB"
"1511951630","1-134B7D","M-LC-84827",5,30,0,0,01-NOV-15,30-NOV-15,"Web Experience","Ion Standard Committed ","C-1HVKIRT","C-1HVKIRT"
"1511951630","1-134B7D","M-LC-84827",25,0,150,0,16-SEP-15,31-OCT-15,"Mbps","0 Mbps of Ion Standard Usage above 18432 Mbps (CIR)","C-1HVKIQ4","C-1HVKIO7"
"1511951630","1-134B7D","M-LC-85239",9,1,1250,1250,01-NOV-15,30-NOV-15,"Base Fee","Ion::Fast DNS Committed ","C-1HVKY0J","C-1HVKY0J"
"1511951630","1-134B7D","M-LC-85239",10,50,0,0,01-NOV-15,30-NOV-15,"Zones","Ion::Fast DNS Committed ","C-1HVKY2G","C-1HVKY2G"
"1511951630","1-134B7D","M-LC-85239",27,0,25,0,01-OCT-15,31-OCT-15,"Zones","0 Zones of Ion::Fast DNS Usage above 50 Zones (CIR)","C-1HVKY49","C-1HVKY49"
"1511951631","1-1ACYUM","1-11B7Q",1,1,0,0,01-NOV-15,30-NOV-15,"Per Month","Akamai Reporter","C-1K06R5A","15Q-5XFX"
"1511951631","1-1ACYUM","1-1N9ZDV",5,0,0,0,01-OCT-15,31-OCT-15,"MB","0 MB of EdgeSuite Delivery Edition Usage ","C-1K06R6V","3-4ND44"
"1511951631","1-1ACYUM","1-1RUSYB",4,1,0,0,01-NOV-15,30-NOV-15,"Per Month","Standard Customer Care Support","C-1K06RBM","1-31RBRK"
"1511951631","1-1ACYUM","B-3-6MH5OR",2,2,550,1100,01-NOV-15,30-NOV-15,"Each","Performance Committed ","C-1K06R8G","C-FZTCUH"
"1511951631","1-1ACYUM","B-3-6MH5OR",3,1,700,700,01-NOV-15,30-NOV-15,"Each","Firstpoint - Additional Domain","C-1K06RA1","C-FZW576"
"1512964214","1-3A64DP","1-1RUSYB",8,1,0,0,01-DEC-15,31-DEC-15,"Per Month","Standard Customer Care Support","C-1HKHTXE","1-3A64EG"
"1512964214","1-3A64DP","B-3-5I7D1H",7,200,0,0,01-DEC-15,31-DEC-15,"Tokens","Site Analyzer. Committed ","C-1HKHTVT","3-1CHJ4SQ"
"1512964214","1-3A64DP","B-3-A5MED",6,5,0,0,01-DEC-15,31-DEC-15,"GB STORED","NetStorage Committed ","C-1HKHTU8","3-1CHJ4UJ"
"1512964214","1-3A64DP","B-3-A5MED",12,0,35,0,01-NOV-15,30-NOV-15,"GB STORED","0 GB STORED of NetStorage Usage above 5 GB STORED (CIR)","C-1HKHTSN","3-1CHJ4WG"
"1512964214","1-3A64DP","M-LC-1228",13,,5,0,01-NOV-15,30-NOV-15,"Percent"," Percent of Support::Enhanced Support SLA Usage ","C-1HKHU25","3-1CHJ565"
"1512964214","1-3A64DP","M-LC-1228",15,8065,0.05,403.25,01-DEC-15,31-DEC-15,"Percent","Support::Enhanced Support SLA","C-1HKHU25","3-1CHJ565"
"1512964214","1-3A64DP","M-LC-1228",16,4995,0.05,249.75,01-NOV-15,30-NOV-15,"Percent","Support::Enhanced Support SLA","C-1HKHU25","3-1CHJ565"
"1512964214","1-3A64DP","M-LC-134267",9,1,1700,1700,01-DEC-15,31-DEC-15,"Per Month","Technical Advisory Service::Technical Advisory Service","C-1HKHU6W","3-1CHJ508"
"1512964214","1-3A64DP","M-LC-134267",10,1,0,0,01-DEC-15,31-DEC-15,"Business Days","Technical Advisory Service::Technical Advisory Service Committed ","C-1HKHU5B","3-1CHJ527"
"1512964214","1-3A64DP","M-LC-134267",14,,1800,0,01-NOV-15,30-NOV-15,"Business Days"," Business Days of Technical Advisory Service::Technical Advisory Service Usage above 1 Business Days (CIR)","C-1HKHU3Q","3-1CHJ53W"
"1512964214","1-3A64DP","M-LC-79883",4,1,0,0,01-DEC-15,31-DEC-15,"Per Month","Ion Standard::HTTPS Option","C-1HKHTNW","3-1CHI5LL"
"1512964214","1-3A64DP","M-LC-80295",5,5,0,0,01-DEC-15,31-DEC-15,"Unit","Ion Standard::SSL Network Access - Single Hostname Committed ","C-1HKHTPH","3-1CHIYOE"
"1512964214","1-3A64DP","M-LC-84827",1,4,0,0,01-DEC-15,31-DEC-15,"Web Experience","Ion Standard Committed ","C-1HKHTMB","3-1CHI5JQ"
"1512964214","1-3A64DP","M-LC-84827",2,15,0,0,01-DEC-15,31-DEC-15,"Mbps","Ion Standard Committed ","C-1HKHTHK","3-1CHI5G6"
"1512964214","1-3A64DP","M-LC-84827",3,1,8065,8065,01-DEC-15,31-DEC-15,"Platform Fee","Ion Standard Committed ","C-1HKHTJ5","3-1CHI5ED"
"1512964214","1-3A64DP","M-LC-84827",11,16.65,300,4995,01-NOV-15,30-NOV-15,"Mbps","16.65 Mbps of Ion Standard Usage above 15 Mbps (CIR)","C-1HKHTKQ","3-1CHI5I1"
"1512964215","1-3AOSJ0","1-1RUSYB",2,1,0,0,01-DEC-15,31-DEC-15,"Per Month","Standard Customer Care Support","C-THLLOB","1-3AOSJG"
"1512964215","1-3AOSJ0","1-3TIO5H",3,0.01,17.5,0.18,01-NOV-15,30-NOV-15,"Mbps",".01 Mbps of EdgeSuite with Flash Usage","C-THLLMQ","C-THLLMQ"
"1512964215","1-3AOSJ0","1-FFSHE",1,5,0,0,01-DEC-15,31-DEC-15,"Per Month","ES - Domain Names","C-THLFYS","3-M0QUY2"
"1512964216","1-3BBAYR","1-1RUSYB",2,1,0,0,01-DEC-15,31-DEC-15,"Per Month","Standard Customer Care Support","C-1J9UY48","3-WGF3I"
"1512964216","1-3BBAYR","1-38O9N9",5,1,10500,10500,01-DEC-15,31-DEC-15,"Per Month","Web Application Accelerator Product","C-1J9VEL2","4-H0077"
"1512964216","1-3BBAYR","1-38O9N9",6,1,0,0,01-DEC-15,31-DEC-15,"Appl.","Web Application Accelerator Product Committed ","C-1J9VEJH","4-H00C2"
"1512964216","1-3BBAYR","1-38O9N9",9,0,300,0,01-NOV-15,30-NOV-15,"MPV","0 MPV of Web Application Accelerator Product Usage above 10 MPV (CIR)","C-1J9VEMN","4-H0078"
"1512964216","1-3BBAYR","1-DGDD8",3,1,0,0,01-DEC-15,31-DEC-15,"GB STORED","Storage Committed ","C-1J9UY5T","C-18GK5NI"
"1512964216","1-3BBAYR","1-DGDD8",4,15,25,375,01-DEC-15,31-DEC-15,"GB STORED","Storage Committed ","C-1J9UY8Z","C-18GK5P7"
"1512964216","1-3BBAYR","1-DGDD8",8,0,50,0,01-NOV-15,30-NOV-15,"GB STORED","0 GB STORED of Storage Usage above 16 GB STORED (CIR)","C-1J9UY7E","C-18FPCNN"
"1512964216","1-3BBAYR","B-3-5I7D1H",1,200,0,0,01-DEC-15,31-DEC-15,"Tokens","Site Analyzer. Committed ","C-1J9UY2N","C-135W7KA"
"1512964216","1-3BBAYR","M-LC-1197",7,1,0,0,01-DEC-15,31-DEC-15,"Per Month","Web Application Accelerator: Real User Monitoring","C-1J9VEO8","C-135W7L3"
"1512964219","1-3DPQJ","A-1-71BC2P",1,0,800,0,01-NOV-15,14-NOV-15,"Mbps","0 Mbps of EdgeSuite Delivery 2.1 Usage above 5 Mbps (CIR)","3-1EL0NRA","3-1EL0NRA"
"1512964219","1-3DPQJ","B-3-A5MED",2,0,75,0,01-NOV-15,14-NOV-15,"GB STORED","0 GB STORED of NetStorage Usage above 7 GB STORED (CIR)","3-1EL0NW1","3-1H9LUY"
"1512964220","1-3E26GB","1-1RUSYB",24,1,0,0,01-DEC-15,31-DEC-15,"Per Month","Standard Customer Care Support","C-1E6MBX9","1-3E6L0B"
"1512964220","1-3E26GB","B-3-5I7D1H",23,200,0,0,01-DEC-15,31-DEC-15,"Tokens","Site Analyzer. Committed ","C-1E6MBVO","3-ZLRJ9A"
"1512964220","1-3E26GB","B-3-A5MED",12,1700,290,493000,01-DEC-15,31-DEC-15,"GB STORED","NetStorage Committed ","C-1E6MB6A","3-1EK4XRY"
"1512964220","1-3E26GB","B-3-A5MED",29,130,450,58500,01-NOV-15,30-NOV-15,"GB STORED","130 GB STORED of NetStorage Usage above 1700 GB STORED (CIR)","C-1E6MB4P","3-1EK4XTJ"
"1512964220","1-3E26GB","B-3-A5MIW",25,1,0,0,01-DEC-15,31-DEC-15,"Each","Stream and Viewer Intelligence Committed ","C-1E6MBYU","C-KW2C34"
"1512964220","1-3E26GB","B-3-A5MLB",1,1,50000,50000,01-DEC-15,31-DEC-15,"Per Month","Advanced Cache Optimization","C-1E6M3IX","3-ZLRC40"
"1512964220","1-3E26GB","B-3-A5MLO",22,1,200000,200000,01-DEC-15,31-DEC-15,"Per Month","Site Accelerator::Site Failover","C-1E6MBU3","3-ZLRC5V"
"1512964220","1-3E26GB","M-LC-1183",14,1,640000,640000,01-DEC-15,31-DEC-15,"Per Month","Professional Services::Technical Advisory Services","C-1E6MBE7","3-1EK4XZW"
"1512964220","1-3E26GB","M-LC-1183",15,20,0,0,01-DEC-15,31-DEC-15,"Hour","Professional Services::Technical Advisory Services Committed ","C-1E6MBCM","3-1EMTX8D"
"1512964220","1-3E26GB","M-LC-1195",21,1,0,0,01-DEC-15,31-DEC-15,"Per Month","Site Accelerator: Real User Monitoring","C-1E6MBSI","C-124L9H4"
"1512964220","1-3E26GB","M-LC-1208",2,1,950000,950000,01-DEC-15,31-DEC-15,"Platform Fee","Dynamic Site Accelerator Secure with HD Committed ","C-1E6M3M3","3-1EK4CJN"
"1512964220","1-3E26GB","M-LC-1208",3,25,0,0,01-DEC-15,31-DEC-15,"Per Site","Dynamic Site Accelerator Secure with HD Committed ","C-1E6M3NO","3-1EK4CI2"
"1512964220","1-3E26GB","M-LC-1208",4,1,13860000,13860000,01-DEC-15,31-DEC-15,"Per Month","Dynamic Site Accelerator Secure with HD","C-1E6M3QU","3-1EK4XJZ"
"1512964220","1-3E26GB","M-LC-1208",26,0,104,0,01-APR-15,30-NOV-15,"GB","0 GB of Dynamic Site Accelerator Secure with HD Usage above 1680000 GB (CIR)","C-1E6M3P9","3-1EK4CL8"
"1512964220","1-3E26GB","M-LC-128087",18,1,480000,480000,01-DEC-15,31-DEC-15,"Per Month","Service Management 2.0::Rule Update Service","C-1E6MBQX","3-1C65XRC"
"1512964220","1-3E26GB","M-LC-128087",19,3,0,0,01-DEC-15,31-MAR-16,"Reviews","Service Management 2.0::Rule Update Service Committed ","C-1E6MBPC","3-1C5WOC6"
"1512964220","1-3E26GB","M-LC-128087",20,24,0,0,01-DEC-15,29-FEB-16,"Hour","Service Management 2.0::Rule Update Service Committed ","C-1E6MBNR","3-1C65XSX"
"1512964220","1-3E26GB","M-LC-128087",31,0,48000,0,01-SEP-15,30-NOV-15,"Hour","0 Hour of Service Management 2.0::Rule Update Service Usage above 24 Hour (CIR)","C-1E6MBM6","3-1C65XPR"
"1512964220","1-3E26GB","M-LC-1306",6,1,2000000,2000000,01-DEC-15,31-DEC-15,"Base Fee","Kona Site Defender - Legacy Committed ","C-1E6M3VL","3-1EK4XN6"
"1512964220","1-3E26GB","M-LC-1306",7,2,0,0,01-DEC-15,31-DEC-15,"Policies","Kona Site Defender - Legacy Committed ","C-1E6M41X","3-1EMSRSG"
"1512964220","1-3E26GB","M-LC-1306",8,25,0,0,01-DEC-15,31-DEC-15,"Per Site","Kona Site Defender - Legacy Committed ","C-1E6M3U0","3-1EK4XOR"
"1512964220","1-3E26GB","M-LC-1306",9,140000,0,0,01-DEC-15,31-DEC-15,"GB","Kona Site Defender - Legacy Committed ","C-1E6M3X6","3-1EMS3T3"
"1512964220","1-3E26GB","M-LC-1306",10,1,0,0,01-DEC-15,31-DEC-15,"Maps","Kona Site Defender - Legacy Committed ","C-1E6M40C","3-1EMSROR"
"1512964220","1-3E26GB","M-LC-1306",27,3183,35,111405,01-NOV-15,30-NOV-15,"GB","3183 GB of Kona Site Defender - Legacy Usage above 140000 GB (CIR)","C-1E6M3YR","3-1EMSRLC"
"1512964220","1-3E26GB","M-LC-134061",11,1,530000,530000,01-DEC-15,31-DEC-15,"Per Month","Named Enhanced Support::Named Enhanced Support","C-1E6M454","3-1EK4YIX"
"1512964220","1-3E26GB","M-LC-1346",28,,517000,0,01-NOV-15,30-NOV-15,"Each"," Each of Kona Site Defender::DDoS Fee Protection - Capped Burst Fee Usage ","C-1E6M43I","3-1EK4XQC"
"1512964220","1-3E26GB","M-LC-135915",13,1,128000,128000,01-DEC-15,31-DEC-15,"Per Month","Professional Services - Enterprise::Professional Services - Enterprise","C-1E6MB9G","3-1EK4XWQ"
"1512964220","1-3E26GB","M-LC-135915",30,0,32000,0,01-OCT-15,30-NOV-15,"Hour","0 Hour of Professional Services - Enterprise::Professional Services - Enterprise Usage above 24 Hour (CIR)","C-1E6MBB1","3-1EMTX5A"
"1512964220","1-3E26GB","M-LC-146215",5,1,100000,100000,01-DEC-15,31-DEC-15,"Unit","Dynamic Site Accelerator::HTTPS Option::SSL Network Access - Wildcard Committed ","C-1E6MCGO","C-1E6MCGO"
"1512964220","1-3E26GB","M-LC-847",17,2,0,0,01-DEC-15,31-DEC-15,"Unit","SSL Network Access - Wildcard for Site Accelerator Committed ","C-1E6MBJ0","3-ZLRC25"
"1512964220","1-3E26GB","M-LC-850",16,2,100000,200000,01-DEC-15,31-DEC-15,"Unit","SSL Network Access - 3rd Party Certificate for Site Accelerator Committed ","C-1E6MBFS","C-R6SXVH"
"1512964221","1-3E3TLG","1-1RUSYB",10,1,0,0,01-DEC-15,31-DEC-15,"Per Month","Standard Customer Care Support","C-11Z91CS","1-3ED9GG"
"1512964221","1-3E3TLG","B-3-1WYBV",1,1,0,0,01-DEC-15,31-DEC-15,"Domains","HTTP Downloads Committed ","C-11Z8XTL","C-GQ4G71"
"1512964221","1-3E3TLG","B-3-1WYBV",2,1,7200,7200,01-DEC-15,31-DEC-15,"Platform Fee","HTTP Downloads Committed ","C-11Z8XRZ","C-GQ4G5U"
"1512964221","1-3E3TLG","B-3-1WYBV",3,1200,0,0,01-DEC-15,31-DEC-15,"GB","HTTP Downloads Committed ","C-11Z8XV7","C-GQ4G69"
"1512964221","1-3E3TLG","B-3-1WYBV",11,0,2.4,0,01-NOV-15,30-NOV-15,"GB","0 GB of HTTP Downloads Usage above 1200 GB (CIR)","C-11Z8XQD","C-GQ4G6N"
"1512964221","1-3E3TLG","B-3-A5MED",6,45,20,900,01-DEC-15,31-DEC-15,"GB STORED","NetStorage Committed ","C-11Z914Q","C-GQ4G4W"
"1512964221","1-3E3TLG","B-3-A5MED",12,36,35,1260,01-NOV-15,30-NOV-15,"GB STORED","36 GB STORED of NetStorage Usage above 45 GB STORED (CIR)","C-11Z9134","C-GQ4G5B"
"1512964221","1-3E3TLG","B-3-FX2U1",8,1,0,0,01-DEC-15,31-DEC-15,"GB","Secure Delivery... Committed ","C-11Z91B6","C-XAR0EO"
"1512964221","1-3E3TLG","B-3-FX2U1",9,1,1000,1000,01-DEC-15,31-DEC-15,"Per Month","Secure Delivery...","C-11Z919K","C-XAULD1"
"1512964221","1-3E3TLG","B-3-FX2XA",5,1,0,0,01-DEC-15,31-DEC-15,"Each","Log Delivery Service. Committed ","C-11Z911J","C-Y864TP"
"1512964221","1-3E3TLG","M-LC-1203",4,1,0,0,01-DEC-15,31-DEC-15,"Per Month","HTTP Downloads: Download Manager with NetSession","C-11Z8XWT","C-GQ4G7F"
"1512964221","1-3E3TLG","M-LC-872",7,1,0,0,01-DEC-15,31-DEC-15,"Unit","SSL Network Access - SAN for HTTP Downloads Committed ","C-11Z917Y","C-XAULDU"
"1512964222","1-3GY0O0","1-1RUSYB",6,1,0,0,01-DEC-15,31-DEC-15,"Per Month","Standard Customer Care Support","C-14X0KJC","1-3GY0OE"
"1512964222","1-3GY0O0","B-3-A5ME5",5,1,0,0,01-DEC-15,31-DEC-15,"Each","Site and Visitor Intelligence Committed ","C-14X0KHQ","3-SP089Y"
"1512964222","1-3GY0O0","B-3-A5MED",4,40,10,400,01-DEC-15,31-DEC-15,"GB STORED","NetStorage Committed ","C-14X0KEI","C-14X0KEI"
"1512964222","1-3GY0O0","B-3-A5MED",8,0,15,0,01-NOV-15,30-NOV-15,"GB STORED","0 GB STORED of NetStorage Usage above 40 GB STORED (CIR)","C-14X0KCW","C-14X0KCW"
"1512964222","1-3GY0O0","M-LC-1211",1,1,0,0,01-DEC-15,31-DEC-15,"Per Site","Dynamic Site Delivery with HD Committed ","C-14X0K82","3-SOWUR7"
"1512964222","1-3GY0O0","M-LC-1211",2,1,2400,2400,01-DEC-15,31-DEC-15,"Platform Fee","Dynamic Site Delivery with HD Committed ","C-14X0K9O","C-14X0K9O"
"1512964222","1-3GY0O0","M-LC-1211",3,4000,0,0,01-DEC-15,31-DEC-15,"GB","Dynamic Site Delivery with HD Committed ","C-14X0K6G","C-14X0K6G"
"1512964222","1-3GY0O0","M-LC-1211",7,0,0.6,0,01-NOV-15,30-NOV-15,"GB","0 GB of Dynamic Site Delivery with HD Usage above 4000 GB (CIR)","C-14X0KBA","C-14X0KBA"
"1512964223","1-3H2NV8","1-1N9ZDV",3,20,95,1900,01-DEC-15,31-DEC-15,"Mbps","EdgeSuite Delivery Edition Committed ","C-YVXEC2","3-8INB8Z"
"1512964223","1-3H2NV8","1-1N9ZDV",6,0,95,0,01-NOV-15,30-NOV-15,"Mbps","0 Mbps of EdgeSuite Delivery Edition Usage above 20 Mbps (CIR)","C-YVX6J4","3-8INB8Y"
"1512964223","1-3H2NV8","1-1NM2N0",2,1,0,0,01-DEC-15,31-DEC-15,"Each","ES - Secure Content Delivery Wildcard Certificates Committed ","C-YVX6HJ","3-XPUQKI"
"1512964223","1-3H2NV8","1-1RUSYB",5,1,0,0,01-DEC-15,31-DEC-15,"Per Month","Standard Customer Care Support","C-YVXEIE","1-3H2NVW"
"1512964223","1-3H2NV8","1-EBD3F",1,1,625,625,01-DEC-15,31-DEC-15,"Per Month","ES - Secure Content Delivery","C-YVX6ED","3-XPUQII"
"1512964223","1-3H2NV8","B-3-A5MED",4,5,40,200,01-DEC-15,31-DEC-15,"GB STORED","NetStorage Committed ","C-YVXEF8","3-8INB92"
"1512964223","1-3H2NV8","B-3-A5MED",7,4,40,160,01-NOV-15,30-NOV-15,"GB STORED","4 GB STORED of NetStorage Usage above 6 GB STORED (CIR)","C-YVXEDN","3-8INB93"
"1512964225","1-3HQCV7","1-1RUSYB",7,1,0,0,01-DEC-15,31-DEC-15,"Per Month","Standard Customer Care Support","C-VLSKWG","1-3HQCW0"
"1512964225","1-3HQCV7","B-3-2RYP6H",1,1,1000,1000,01-DEC-15,31-DEC-15,"Each","Advanced Cache Optimization.Site Delivery Committed ","C-VLSKI0","4-GR6HZ"
"1512964225","1-3HQCV7","B-3-A5MBD",2,1,0,0,01-DEC-15,31-DEC-15,"Per Site","Dynamic Site Delivery with Legacy Streaming Committed ","C-VLSKL7","4-GR6C7"
"1512964225","1-3HQCV7","B-3-A5MBD",3,1,7290,7290,01-DEC-15,31-DEC-15,"Platform Fee","Dynamic Site Delivery with Legacy Streaming Committed ","C-VLSKMT","C-AT3N1P"
"1512964225","1-3HQCV7","B-3-A5MBD",4,400,0,0,01-DEC-15,31-DEC-15,"Mbps","Dynamic Site Delivery with Legacy Streaming Committed ","C-VLSKOF","C-AT3N1N"
"1512964225","1-3HQCV7","B-3-A5MBD",8,2.23,20,44.6,01-NOV-15,30-NOV-15,"Mbps","2.23 Mbps of Dynamic Site Delivery with Legacy Streaming Usage above 9600 Mbps (CIR)","C-VLSKJM","C-AT3N1R"
"1512964225","1-3HQCV7","B-3-A5ME5",6,1,0,0,01-DEC-15,31-DEC-15,"Each","Site and Visitor Intelligence Committed ","C-VLSKUU","C-291S9C"
"1512964225","1-3HQCV7","B-3-A5MED",5,1,0,0,01-DEC-15,31-DEC-15,"GB STORED","NetStorage Committed ","C-VLSKQ0","4-GSC6P"
"1512964225","1-3HQCV7","B-3-A5MED",9,0,20,0,01-NOV-15,30-NOV-15,"GB STORED","0 GB STORED of NetStorage Usage above 1 GB STORED (CIR)","C-VLSKRM","C-4UK0QY"
